study_accession	sample_accession	secondary_sample_accession	experiment_accession	run_accession	tax_id	scientific_name	instrument_model	library_layout	fastq_ftp	fastq_galaxy	submitted_ftp	submitted_galaxy	sra_ftp	sra_galaxy	cram_index_ftp	cram_index_galaxy
PRJEB27802	SAMEA4791099	ERS2611029	ERX2719062	ERR2704675	1773	Mycobacterium tuberculosis	Illumina HiSeq 2500	PAIRED	ftp.sra.ebi.ac.uk/vol1/fastq/ERR270/005/ERR2704675/ERR2704675_1.fastq.gz;ftp.sra.ebi.ac.uk/vol1/fastq/ERR270/005/ERR2704675/ERR2704675_2.fastq.gz	ftp.sra.ebi.ac.uk/vol1/fastq/ERR270/005/ERR2704675/ERR2704675_1.fastq.gz;ftp.sra.ebi.ac.uk/vol1/fastq/ERR270/005/ERR2704675/ERR2704675_2.fastq.gz	ftp.sra.ebi.ac.uk/vol1/run/ERR270/ERR2704675/BSSE_QGF_65554_CB6RLANXX_6_G21320_CGGAGCCT_AAGGCTAT_S215_L006_R1_001.fastq.gz;ftp.sra.ebi.ac.uk/vol1/run/ERR270/ERR2704675/BSSE_QGF_65554_CB6RLANXX_6_G21320_CGGAGCCT_AAGGCTAT_S215_L006_R2_001.fastq.gz	ftp.sra.ebi.ac.uk/vol1/run/ERR270/ERR2704675/BSSE_QGF_65554_CB6RLANXX_6_G21320_CGGAGCCT_AAGGCTAT_S215_L006_R1_001.fastq.gz;ftp.sra.ebi.ac.uk/vol1/run/ERR270/ERR2704675/BSSE_QGF_65554_CB6RLANXX_6_G21320_CGGAGCCT_AAGGCTAT_S215_L006_R2_001.fastq.gz	ftp.sra.ebi.ac.uk/vol1/err/ERR270/005/ERR2704675	ftp.sra.ebi.ac.uk/vol1/err/ERR270/005/ERR2704675		
PRJEB27802	SAMEA4791100	ERS2611030	ERX2719063	ERR2704676	1773	Mycobacterium tuberculosis	Illumina HiSeq 2500	PAIRED	ftp.sra.ebi.ac.uk/vol1/fastq/ERR270/006/ERR2704676/ERR2704676_1.fastq.gz;ftp.sra.ebi.ac.uk/vol1/fastq/ERR270/006/ERR2704676/ERR2704676_2.fastq.gz	ftp.sra.ebi.ac.uk/vol1/fastq/ERR270/006/ERR2704676/ERR2704676_1.fastq.gz;ftp.sra.ebi.ac.uk/vol1/fastq/ERR270/006/ERR2704676/ERR2704676_2.fastq.gz	ftp.sra.ebi.ac.uk/vol1/run/ERR270/ERR2704676/BSSE_QGF_78568_CBP4JANXX_6_G22208_ACTCGCTA_AAGGAGTA_S96_L006_R1_001_MM_1.fastq.gz;ftp.sra.ebi.ac.uk/vol1/run/ERR270/ERR2704676/BSSE_QGF_78568_CBP4JANXX_6_G22208_ACTCGCTA_AAGGAGTA_S96_L006_R2_001_MM_1.fastq.gz	ftp.sra.ebi.ac.uk/vol1/run/ERR270/ERR2704676/BSSE_QGF_78568_CBP4JANXX_6_G22208_ACTCGCTA_AAGGAGTA_S96_L006_R1_001_MM_1.fastq.gz;ftp.sra.ebi.ac.uk/vol1/run/ERR270/ERR2704676/BSSE_QGF_78568_CBP4JANXX_6_G22208_ACTCGCTA_AAGGAGTA_S96_L006_R2_001_MM_1.fastq.gz	ftp.sra.ebi.ac.uk/vol1/err/ERR270/006/ERR2704676	ftp.sra.ebi.ac.uk/vol1/err/ERR270/006/ERR2704676		
PRJEB27802	SAMEA4791101	ERS2611031	ERX2719064	ERR2704677	1773	Mycobacterium tuberculosis	Illumina HiSeq 2500	PAIRED	ftp.sra.ebi.ac.uk/vol1/fastq/ERR270/007/ERR2704677/ERR2704677_1.fastq.gz;ftp.sra.ebi.ac.uk/vol1/fastq/ERR270/007/ERR2704677/ERR2704677_2.fastq.gz	ftp.sra.ebi.ac.uk/vol1/fastq/ERR270/007/ERR2704677/ERR2704677_1.fastq.gz;ftp.sra.ebi.ac.uk/vol1/fastq/ERR270/007/ERR2704677/ERR2704677_2.fastq.gz	ftp.sra.ebi.ac.uk/vol1/run/ERR270/ERR2704677/BSSE_QGF_65544_CB9C8ANXX_2_G21310_GCGTAGTA_GCGTAAGA_S210_L002_R1_001_MM_1.fastq.gz;ftp.sra.ebi.ac.uk/vol1/run/ERR270/ERR2704677/BSSE_QGF_65544_CB9C8ANXX_2_G21310_GCGTAGTA_GCGTAAGA_S210_L002_R2_001_MM_1.fastq.gz	ftp.sra.ebi.ac.uk/vol1/run/ERR270/ERR2704677/BSSE_QGF_65544_CB9C8ANXX_2_G21310_GCGTAGTA_GCGTAAGA_S210_L002_R1_001_MM_1.fastq.gz;ftp.sra.ebi.ac.uk/vol1/run/ERR270/ERR2704677/BSSE_QGF_65544_CB9C8ANXX_2_G21310_GCGTAGTA_GCGTAAGA_S210_L002_R2_001_MM_1.fastq.gz	ftp.sra.ebi.ac.uk/vol1/err/ERR270/007/ERR2704677	ftp.sra.ebi.ac.uk/vol1/err/ERR270/007/ERR2704677		
PRJEB27802	SAMEA4791102	ERS2611032	ERX2719065	ERR2704678	1773	Mycobacterium tuberculosis	Illumina HiSeq 2500	PAIRED	ftp.sra.ebi.ac.uk/vol1/fastq/ERR270/008/ERR2704678/ERR2704678_1.fastq.gz;ftp.sra.ebi.ac.uk/vol1/fastq/ERR270/008/ERR2704678/ERR2704678_2.fastq.gz	ftp.sra.ebi.ac.uk/vol1/fastq/ERR270/008/ERR2704678/ERR2704678_1.fastq.gz;ftp.sra.ebi.ac.uk/vol1/fastq/ERR270/008/ERR2704678/ERR2704678_2.fastq.gz	ftp.sra.ebi.ac.uk/vol1/run/ERR270/ERR2704678/BSSE_QGF_78569_CBP4JANXX_6_G22212_ACTCGCTA_CTAAGCCT_S97_L006_R1_001_MM_1.fastq.gz;ftp.sra.ebi.ac.uk/vol1/run/ERR270/ERR2704678/BSSE_QGF_78569_CBP4JANXX_6_G22212_ACTCGCTA_CTAAGCCT_S97_L006_R2_001_MM_1.fastq.gz	ftp.sra.ebi.ac.uk/vol1/run/ERR270/ERR2704678/BSSE_QGF_78569_CBP4JANXX_6_G22212_ACTCGCTA_CTAAGCCT_S97_L006_R1_001_MM_1.fastq.gz;ftp.sra.ebi.ac.uk/vol1/run/ERR270/ERR2704678/BSSE_QGF_78569_CBP4JANXX_6_G22212_ACTCGCTA_CTAAGCCT_S97_L006_R2_001_MM_1.fastq.gz	ftp.sra.ebi.ac.uk/vol1/err/ERR270/008/ERR2704678	ftp.sra.ebi.ac.uk/vol1/err/ERR270/008/ERR2704678		
PRJEB27802	SAMEA4791103	ERS2611033	ERX2719066	ERR2704679	1773	Mycobacterium tuberculosis	Illumina HiSeq 2500	PAIRED	ftp.sra.ebi.ac.uk/vol1/fastq/ERR270/009/ERR2704679/ERR2704679_1.fastq.gz;ftp.sra.ebi.ac.uk/vol1/fastq/ERR270/009/ERR2704679/ERR2704679_2.fastq.gz	ftp.sra.ebi.ac.uk/vol1/fastq/ERR270/009/ERR2704679/ERR2704679_1.fastq.gz;ftp.sra.ebi.ac.uk/vol1/fastq/ERR270/009/ERR2704679/ERR2704679_2.fastq.gz	ftp.sra.ebi.ac.uk/vol1/run/ERR270/ERR2704679/BSSE_QGF_78566_CBP4JANXX_6_G22214_ACTCGCTA_GTAAGGAG_S94_L006_R1_001_MM_1.fastq.gz;ftp.sra.ebi.ac.uk/vol1/run/ERR270/ERR2704679/BSSE_QGF_78566_CBP4JANXX_6_G22214_ACTCGCTA_GTAAGGAG_S94_L006_R2_001_MM_1.fastq.gz	ftp.sra.ebi.ac.uk/vol1/run/ERR270/ERR2704679/BSSE_QGF_78566_CBP4JANXX_6_G22214_ACTCGCTA_GTAAGGAG_S94_L006_R1_001_MM_1.fastq.gz;ftp.sra.ebi.ac.uk/vol1/run/ERR270/ERR2704679/BSSE_QGF_78566_CBP4JANXX_6_G22214_ACTCGCTA_GTAAGGAG_S94_L006_R2_001_MM_1.fastq.gz	ftp.sra.ebi.ac.uk/vol1/err/ERR270/009/ERR2704679	ftp.sra.ebi.ac.uk/vol1/err/ERR270/009/ERR2704679		
PRJEB27802	SAMEA4791104	ERS2611034	ERX2719067	ERR2704680	1773	Mycobacterium tuberculosis	Illumina HiSeq 2500	PAIRED	ftp.sra.ebi.ac.uk/vol1/fastq/ERR270/000/ERR2704680/ERR2704680_1.fastq.gz;ftp.sra.ebi.ac.uk/vol1/fastq/ERR270/000/ERR2704680/ERR2704680_2.fastq.gz	ftp.sra.ebi.ac.uk/vol1/fastq/ERR270/000/ERR2704680/ERR2704680_1.fastq.gz;ftp.sra.ebi.ac.uk/vol1/fastq/ERR270/000/ERR2704680/ERR2704680_2.fastq.gz	ftp.sra.ebi.ac.uk/vol1/run/ERR270/ERR2704680/BSSE_QGF_78567_CBP4JANXX_6_G22207_ACTCGCTA_ACTGCATA_S95_L006_R1_001_MM_1.fastq.gz;ftp.sra.ebi.ac.uk/vol1/run/ERR270/ERR2704680/BSSE_QGF_78567_CBP4JANXX_6_G22207_ACTCGCTA_ACTGCATA_S95_L006_R2_001_MM_1.fastq.gz	ftp.sra.ebi.ac.uk/vol1/run/ERR270/ERR2704680/BSSE_QGF_78567_CBP4JANXX_6_G22207_ACTCGCTA_ACTGCATA_S95_L006_R1_001_MM_1.fastq.gz;ftp.sra.ebi.ac.uk/vol1/run/ERR270/ERR2704680/BSSE_QGF_78567_CBP4JANXX_6_G22207_ACTCGCTA_ACTGCATA_S95_L006_R2_001_MM_1.fastq.gz	ftp.sra.ebi.ac.uk/vol1/err/ERR270/000/ERR2704680	ftp.sra.ebi.ac.uk/vol1/err/ERR270/000/ERR2704680		
PRJEB27802	SAMEA4791105	ERS2611035	ERX2719068	ERR2704681	1773	Mycobacterium tuberculosis	Illumina HiSeq 2500	PAIRED	ftp.sra.ebi.ac.uk/vol1/fastq/ERR270/001/ERR2704681/ERR2704681_1.fastq.gz;ftp.sra.ebi.ac.uk/vol1/fastq/ERR270/001/ERR2704681/ERR2704681_2.fastq.gz	ftp.sra.ebi.ac.uk/vol1/fastq/ERR270/001/ERR2704681/ERR2704681_1.fastq.gz;ftp.sra.ebi.ac.uk/vol1/fastq/ERR270/001/ERR2704681/ERR2704681_2.fastq.gz	ftp.sra.ebi.ac.uk/vol1/run/ERR270/ERR2704681/BSSE_QGF_78570_CBP4JANXX_6_G22210_ACTCGCTA_CGTCTAAT_S98_L006_R1_001_MM_1.fastq.gz;ftp.sra.ebi.ac.uk/vol1/run/ERR270/ERR2704681/BSSE_QGF_78570_CBP4JANXX_6_G22210_ACTCGCTA_CGTCTAAT_S98_L006_R2_001_MM_1.fastq.gz	ftp.sra.ebi.ac.uk/vol1/run/ERR270/ERR2704681/BSSE_QGF_78570_CBP4JANXX_6_G22210_ACTCGCTA_CGTCTAAT_S98_L006_R1_001_MM_1.fastq.gz;ftp.sra.ebi.ac.uk/vol1/run/ERR270/ERR2704681/BSSE_QGF_78570_CBP4JANXX_6_G22210_ACTCGCTA_CGTCTAAT_S98_L006_R2_001_MM_1.fastq.gz	ftp.sra.ebi.ac.uk/vol1/err/ERR270/001/ERR2704681	ftp.sra.ebi.ac.uk/vol1/err/ERR270/001/ERR2704681		
PRJEB27802	SAMEA4791106	ERS2611036	ERX2719069	ERR2704682	1773	Mycobacterium tuberculosis	Illumina HiSeq 2500	PAIRED	ftp.sra.ebi.ac.uk/vol1/fastq/ERR270/002/ERR2704682/ERR2704682_1.fastq.gz;ftp.sra.ebi.ac.uk/vol1/fastq/ERR270/002/ERR2704682/ERR2704682_2.fastq.gz	ftp.sra.ebi.ac.uk/vol1/fastq/ERR270/002/ERR2704682/ERR2704682_1.fastq.gz;ftp.sra.ebi.ac.uk/vol1/fastq/ERR270/002/ERR2704682/ERR2704682_2.fastq.gz	ftp.sra.ebi.ac.uk/vol1/run/ERR270/ERR2704682/BSSE_QGF_65551_CB9C8ANXX_2_G21317_CGGAGCCT_CCTAGAGT_S213_L002_R1_001_MM_1.fastq.gz;ftp.sra.ebi.ac.uk/vol1/run/ERR270/ERR2704682/BSSE_QGF_65551_CB9C8ANXX_2_G21317_CGGAGCCT_CCTAGAGT_S213_L002_R2_001_MM_1.fastq.gz	ftp.sra.ebi.ac.uk/vol1/run/ERR270/ERR2704682/BSSE_QGF_65551_CB9C8ANXX_2_G21317_CGGAGCCT_CCTAGAGT_S213_L002_R1_001_MM_1.fastq.gz;ftp.sra.ebi.ac.uk/vol1/run/ERR270/ERR2704682/BSSE_QGF_65551_CB9C8ANXX_2_G21317_CGGAGCCT_CCTAGAGT_S213_L002_R2_001_MM_1.fastq.gz	ftp.sra.ebi.ac.uk/vol1/err/ERR270/002/ERR2704682	ftp.sra.ebi.ac.uk/vol1/err/ERR270/002/ERR2704682		
PRJEB27802	SAMEA4791107	ERS2611037	ERX2719070	ERR2704683	1773	Mycobacterium tuberculosis	Illumina HiSeq 2500	PAIRED	ftp.sra.ebi.ac.uk/vol1/fastq/ERR270/003/ERR2704683/ERR2704683_1.fastq.gz;ftp.sra.ebi.ac.uk/vol1/fastq/ERR270/003/ERR2704683/ERR2704683_2.fastq.gz	ftp.sra.ebi.ac.uk/vol1/fastq/ERR270/003/ERR2704683/ERR2704683_1.fastq.gz;ftp.sra.ebi.ac.uk/vol1/fastq/ERR270/003/ERR2704683/ERR2704683_2.fastq.gz	ftp.sra.ebi.ac.uk/vol1/run/ERR270/ERR2704683/BSSE_QGF_65557_CB9C8ANXX_2_G21323_TACGCTGC_TCGACTAG_S217_L002_R1_001_MM_1.fastq.gz;ftp.sra.ebi.ac.uk/vol1/run/ERR270/ERR2704683/BSSE_QGF_65557_CB9C8ANXX_2_G21323_TACGCTGC_TCGACTAG_S217_L002_R2_001_MM_1.fastq.gz	ftp.sra.ebi.ac.uk/vol1/run/ERR270/ERR2704683/BSSE_QGF_65557_CB9C8ANXX_2_G21323_TACGCTGC_TCGACTAG_S217_L002_R1_001_MM_1.fastq.gz;ftp.sra.ebi.ac.uk/vol1/run/ERR270/ERR2704683/BSSE_QGF_65557_CB9C8ANXX_2_G21323_TACGCTGC_TCGACTAG_S217_L002_R2_001_MM_1.fastq.gz	ftp.sra.ebi.ac.uk/vol1/err/ERR270/003/ERR2704683	ftp.sra.ebi.ac.uk/vol1/err/ERR270/003/ERR2704683		
PRJEB27802	SAMEA4791108	ERS2611038	ERX2719071	ERR2704684	1773	Mycobacterium tuberculosis	Illumina HiSeq 2500	PAIRED	ftp.sra.ebi.ac.uk/vol1/fastq/ERR270/004/ERR2704684/ERR2704684_1.fastq.gz;ftp.sra.ebi.ac.uk/vol1/fastq/ERR270/004/ERR2704684/ERR2704684_2.fastq.gz	ftp.sra.ebi.ac.uk/vol1/fastq/ERR270/004/ERR2704684/ERR2704684_1.fastq.gz;ftp.sra.ebi.ac.uk/vol1/fastq/ERR270/004/ERR2704684/ERR2704684_2.fastq.gz	ftp.sra.ebi.ac.uk/vol1/run/ERR270/ERR2704684/BSSE_QGF_65545_CB6RLANXX_6_G21311_GCGTAGTA_CTATTAAG_S211_L006_R1_001.fastq.gz;ftp.sra.ebi.ac.uk/vol1/run/ERR270/ERR2704684/BSSE_QGF_65545_CB6RLANXX_6_G21311_GCGTAGTA_CTATTAAG_S211_L006_R2_001.fastq.gz	ftp.sra.ebi.ac.uk/vol1/run/ERR270/ERR2704684/BSSE_QGF_65545_CB6RLANXX_6_G21311_GCGTAGTA_CTATTAAG_S211_L006_R1_001.fastq.gz;ftp.sra.ebi.ac.uk/vol1/run/ERR270/ERR2704684/BSSE_QGF_65545_CB6RLANXX_6_G21311_GCGTAGTA_CTATTAAG_S211_L006_R2_001.fastq.gz	ftp.sra.ebi.ac.uk/vol1/err/ERR270/004/ERR2704684	ftp.sra.ebi.ac.uk/vol1/err/ERR270/004/ERR2704684		
PRJEB27802	SAMEA4791109	ERS2611039	ERX2719072	ERR2704685	1773	Mycobacterium tuberculosis	Illumina HiSeq 2500	PAIRED	ftp.sra.ebi.ac.uk/vol1/fastq/ERR270/005/ERR2704685/ERR2704685_1.fastq.gz;ftp.sra.ebi.ac.uk/vol1/fastq/ERR270/005/ERR2704685/ERR2704685_2.fastq.gz	ftp.sra.ebi.ac.uk/vol1/fastq/ERR270/005/ERR2704685/ERR2704685_1.fastq.gz;ftp.sra.ebi.ac.uk/vol1/fastq/ERR270/005/ERR2704685/ERR2704685_2.fastq.gz	ftp.sra.ebi.ac.uk/vol1/run/ERR270/ERR2704685/BSSE_QGF_65556_CB9C8ANXX_2_G21322_CGGAGCCT_TTATGCGA_S216_L002_R1_001_MM_1.fastq.gz;ftp.sra.ebi.ac.uk/vol1/run/ERR270/ERR2704685/BSSE_QGF_65556_CB9C8ANXX_2_G21322_CGGAGCCT_TTATGCGA_S216_L002_R2_001_MM_1.fastq.gz	ftp.sra.ebi.ac.uk/vol1/run/ERR270/ERR2704685/BSSE_QGF_65556_CB9C8ANXX_2_G21322_CGGAGCCT_TTATGCGA_S216_L002_R1_001_MM_1.fastq.gz;ftp.sra.ebi.ac.uk/vol1/run/ERR270/ERR2704685/BSSE_QGF_65556_CB9C8ANXX_2_G21322_CGGAGCCT_TTATGCGA_S216_L002_R2_001_MM_1.fastq.gz	ftp.sra.ebi.ac.uk/vol1/err/ERR270/005/ERR2704685	ftp.sra.ebi.ac.uk/vol1/err/ERR270/005/ERR2704685		
PRJEB27802	SAMEA4791110	ERS2611040	ERX2719073	ERR2704686	1773	Mycobacterium tuberculosis	Illumina HiSeq 2500	PAIRED	ftp.sra.ebi.ac.uk/vol1/fastq/ERR270/006/ERR2704686/ERR2704686_1.fastq.gz;ftp.sra.ebi.ac.uk/vol1/fastq/ERR270/006/ERR2704686/ERR2704686_2.fastq.gz	ftp.sra.ebi.ac.uk/vol1/fastq/ERR270/006/ERR2704686/ERR2704686_1.fastq.gz;ftp.sra.ebi.ac.uk/vol1/fastq/ERR270/006/ERR2704686/ERR2704686_2.fastq.gz	ftp.sra.ebi.ac.uk/vol1/run/ERR270/ERR2704686/BSSE_QGF_78572_CBP4JANXX_6_G22206_GGAGCTAC_CTCTCTAT_S100_L006_R1_001_MM_1.fastq.gz;ftp.sra.ebi.ac.uk/vol1/run/ERR270/ERR2704686/BSSE_QGF_78572_CBP4JANXX_6_G22206_GGAGCTAC_CTCTCTAT_S100_L006_R2_001_MM_1.fastq.gz	ftp.sra.ebi.ac.uk/vol1/run/ERR270/ERR2704686/BSSE_QGF_78572_CBP4JANXX_6_G22206_GGAGCTAC_CTCTCTAT_S100_L006_R1_001_MM_1.fastq.gz;ftp.sra.ebi.ac.uk/vol1/run/ERR270/ERR2704686/BSSE_QGF_78572_CBP4JANXX_6_G22206_GGAGCTAC_CTCTCTAT_S100_L006_R2_001_MM_1.fastq.gz	ftp.sra.ebi.ac.uk/vol1/err/ERR270/006/ERR2704686	ftp.sra.ebi.ac.uk/vol1/err/ERR270/006/ERR2704686		
PRJEB27802	SAMEA4791111	ERS2611041	ERX2719074	ERR2704687	1773	Mycobacterium tuberculosis	Illumina HiSeq 2500	PAIRED	ftp.sra.ebi.ac.uk/vol1/fastq/ERR270/007/ERR2704687/ERR2704687_1.fastq.gz;ftp.sra.ebi.ac.uk/vol1/fastq/ERR270/007/ERR2704687/ERR2704687_2.fastq.gz	ftp.sra.ebi.ac.uk/vol1/fastq/ERR270/007/ERR2704687/ERR2704687_1.fastq.gz;ftp.sra.ebi.ac.uk/vol1/fastq/ERR270/007/ERR2704687/ERR2704687_2.fastq.gz	ftp.sra.ebi.ac.uk/vol1/run/ERR270/ERR2704687/BSSE_QGF_78574_CBP4JANXX_6_G22211_GGAGCTAC_GTAAGGAG_S102_L006_R1_001_MM_1.fastq.gz;ftp.sra.ebi.ac.uk/vol1/run/ERR270/ERR2704687/BSSE_QGF_78574_CBP4JANXX_6_G22211_GGAGCTAC_GTAAGGAG_S102_L006_R2_001_MM_1.fastq.gz	ftp.sra.ebi.ac.uk/vol1/run/ERR270/ERR2704687/BSSE_QGF_78574_CBP4JANXX_6_G22211_GGAGCTAC_GTAAGGAG_S102_L006_R1_001_MM_1.fastq.gz;ftp.sra.ebi.ac.uk/vol1/run/ERR270/ERR2704687/BSSE_QGF_78574_CBP4JANXX_6_G22211_GGAGCTAC_GTAAGGAG_S102_L006_R2_001_MM_1.fastq.gz	ftp.sra.ebi.ac.uk/vol1/err/ERR270/007/ERR2704687	ftp.sra.ebi.ac.uk/vol1/err/ERR270/007/ERR2704687		
PRJEB27802	SAMEA4791112	ERS2611042	ERX2719075	ERR2704688	1773	Mycobacterium tuberculosis	Illumina HiSeq 2500	PAIRED	ftp.sra.ebi.ac.uk/vol1/fastq/ERR270/008/ERR2704688/ERR2704688_1.fastq.gz;ftp.sra.ebi.ac.uk/vol1/fastq/ERR270/008/ERR2704688/ERR2704688_2.fastq.gz	ftp.sra.ebi.ac.uk/vol1/fastq/ERR270/008/ERR2704688/ERR2704688_1.fastq.gz;ftp.sra.ebi.ac.uk/vol1/fastq/ERR270/008/ERR2704688/ERR2704688_2.fastq.gz	ftp.sra.ebi.ac.uk/vol1/run/ERR270/ERR2704688/BSSE_QGF_78565_CBP4JANXX_6_G22209_ACTCGCTA_TATCCTCT_S93_L006_R1_001_MM_1.fastq.gz;ftp.sra.ebi.ac.uk/vol1/run/ERR270/ERR2704688/BSSE_QGF_78565_CBP4JANXX_6_G22209_ACTCGCTA_TATCCTCT_S93_L006_R2_001_MM_1.fastq.gz	ftp.sra.ebi.ac.uk/vol1/run/ERR270/ERR2704688/BSSE_QGF_78565_CBP4JANXX_6_G22209_ACTCGCTA_TATCCTCT_S93_L006_R1_001_MM_1.fastq.gz;ftp.sra.ebi.ac.uk/vol1/run/ERR270/ERR2704688/BSSE_QGF_78565_CBP4JANXX_6_G22209_ACTCGCTA_TATCCTCT_S93_L006_R2_001_MM_1.fastq.gz	ftp.sra.ebi.ac.uk/vol1/err/ERR270/008/ERR2704688	ftp.sra.ebi.ac.uk/vol1/err/ERR270/008/ERR2704688		
PRJEB27802	SAMEA4791113	ERS2611043	ERX2719076	ERR2704689	1773	Mycobacterium tuberculosis	Illumina HiSeq 2500	PAIRED	ftp.sra.ebi.ac.uk/vol1/fastq/ERR270/009/ERR2704689/ERR2704689_1.fastq.gz;ftp.sra.ebi.ac.uk/vol1/fastq/ERR270/009/ERR2704689/ERR2704689_2.fastq.gz	ftp.sra.ebi.ac.uk/vol1/fastq/ERR270/009/ERR2704689/ERR2704689_1.fastq.gz;ftp.sra.ebi.ac.uk/vol1/fastq/ERR270/009/ERR2704689/ERR2704689_2.fastq.gz	ftp.sra.ebi.ac.uk/vol1/run/ERR270/ERR2704689/BSSE_QGF_65558_CB6RLANXX_6_G21324_TACGCTGC_TTCTAGCT_S218_L006_R1_001.fastq.gz;ftp.sra.ebi.ac.uk/vol1/run/ERR270/ERR2704689/BSSE_QGF_65558_CB6RLANXX_6_G21324_TACGCTGC_TTCTAGCT_S218_L006_R2_001.fastq.gz	ftp.sra.ebi.ac.uk/vol1/run/ERR270/ERR2704689/BSSE_QGF_65558_CB6RLANXX_6_G21324_TACGCTGC_TTCTAGCT_S218_L006_R1_001.fastq.gz;ftp.sra.ebi.ac.uk/vol1/run/ERR270/ERR2704689/BSSE_QGF_65558_CB6RLANXX_6_G21324_TACGCTGC_TTCTAGCT_S218_L006_R2_001.fastq.gz	ftp.sra.ebi.ac.uk/vol1/err/ERR270/009/ERR2704689	ftp.sra.ebi.ac.uk/vol1/err/ERR270/009/ERR2704689		
PRJEB27802	SAMEA4791114	ERS2611044	ERX2719077	ERR2704690	1773	Mycobacterium tuberculosis	Illumina HiSeq 2500	PAIRED	ftp.sra.ebi.ac.uk/vol1/fastq/ERR270/000/ERR2704690/ERR2704690_1.fastq.gz;ftp.sra.ebi.ac.uk/vol1/fastq/ERR270/000/ERR2704690/ERR2704690_2.fastq.gz	ftp.sra.ebi.ac.uk/vol1/fastq/ERR270/000/ERR2704690/ERR2704690_1.fastq.gz;ftp.sra.ebi.ac.uk/vol1/fastq/ERR270/000/ERR2704690/ERR2704690_2.fastq.gz	ftp.sra.ebi.ac.uk/vol1/run/ERR270/ERR2704690/BSSE_QGF_65553_CB6RLANXX_6_G21319_CGGAGCCT_CTATTAAG_S214_L006_R1_001.fastq.gz;ftp.sra.ebi.ac.uk/vol1/run/ERR270/ERR2704690/BSSE_QGF_65553_CB6RLANXX_6_G21319_CGGAGCCT_CTATTAAG_S214_L006_R2_001.fastq.gz	ftp.sra.ebi.ac.uk/vol1/run/ERR270/ERR2704690/BSSE_QGF_65553_CB6RLANXX_6_G21319_CGGAGCCT_CTATTAAG_S214_L006_R1_001.fastq.gz;ftp.sra.ebi.ac.uk/vol1/run/ERR270/ERR2704690/BSSE_QGF_65553_CB6RLANXX_6_G21319_CGGAGCCT_CTATTAAG_S214_L006_R2_001.fastq.gz	ftp.sra.ebi.ac.uk/vol1/err/ERR270/000/ERR2704690	ftp.sra.ebi.ac.uk/vol1/err/ERR270/000/ERR2704690		
PRJEB27802	SAMEA4791115	ERS2611045	ERX2719078	ERR2704691	1773	Mycobacterium tuberculosis	Illumina HiSeq 2500	PAIRED	ftp.sra.ebi.ac.uk/vol1/fastq/ERR270/001/ERR2704691/ERR2704691_1.fastq.gz;ftp.sra.ebi.ac.uk/vol1/fastq/ERR270/001/ERR2704691/ERR2704691_2.fastq.gz	ftp.sra.ebi.ac.uk/vol1/fastq/ERR270/001/ERR2704691/ERR2704691_1.fastq.gz;ftp.sra.ebi.ac.uk/vol1/fastq/ERR270/001/ERR2704691/ERR2704691_2.fastq.gz	ftp.sra.ebi.ac.uk/vol1/run/ERR270/ERR2704691/BSSE_QGF_65543_CB6RLANXX_6_G21309_GCGTAGTA_CCTAGAGT_S209_L006_R1_001.fastq.gz;ftp.sra.ebi.ac.uk/vol1/run/ERR270/ERR2704691/BSSE_QGF_65543_CB6RLANXX_6_G21309_GCGTAGTA_CCTAGAGT_S209_L006_R2_001.fastq.gz	ftp.sra.ebi.ac.uk/vol1/run/ERR270/ERR2704691/BSSE_QGF_65543_CB6RLANXX_6_G21309_GCGTAGTA_CCTAGAGT_S209_L006_R1_001.fastq.gz;ftp.sra.ebi.ac.uk/vol1/run/ERR270/ERR2704691/BSSE_QGF_65543_CB6RLANXX_6_G21309_GCGTAGTA_CCTAGAGT_S209_L006_R2_001.fastq.gz	ftp.sra.ebi.ac.uk/vol1/err/ERR270/001/ERR2704691	ftp.sra.ebi.ac.uk/vol1/err/ERR270/001/ERR2704691		
PRJEB27802	SAMEA4791116	ERS2611046	ERX2719079	ERR2704692	1773	Mycobacterium tuberculosis	Illumina HiSeq 2500	PAIRED	ftp.sra.ebi.ac.uk/vol1/fastq/ERR270/002/ERR2704692/ERR2704692_1.fastq.gz;ftp.sra.ebi.ac.uk/vol1/fastq/ERR270/002/ERR2704692/ERR2704692_2.fastq.gz	ftp.sra.ebi.ac.uk/vol1/fastq/ERR270/002/ERR2704692/ERR2704692_1.fastq.gz;ftp.sra.ebi.ac.uk/vol1/fastq/ERR270/002/ERR2704692/ERR2704692_2.fastq.gz	ftp.sra.ebi.ac.uk/vol1/run/ERR270/ERR2704692/BSSE_QGF_78571_CBP4JANXX_6_G22215_ACTCGCTA_TCTCTCCG_S99_L006_R1_001_MM_1.fastq.gz;ftp.sra.ebi.ac.uk/vol1/run/ERR270/ERR2704692/BSSE_QGF_78571_CBP4JANXX_6_G22215_ACTCGCTA_TCTCTCCG_S99_L006_R2_001_MM_1.fastq.gz	ftp.sra.ebi.ac.uk/vol1/run/ERR270/ERR2704692/BSSE_QGF_78571_CBP4JANXX_6_G22215_ACTCGCTA_TCTCTCCG_S99_L006_R1_001_MM_1.fastq.gz;ftp.sra.ebi.ac.uk/vol1/run/ERR270/ERR2704692/BSSE_QGF_78571_CBP4JANXX_6_G22215_ACTCGCTA_TCTCTCCG_S99_L006_R2_001_MM_1.fastq.gz	ftp.sra.ebi.ac.uk/vol1/err/ERR270/002/ERR2704692	ftp.sra.ebi.ac.uk/vol1/err/ERR270/002/ERR2704692		
PRJEB27802	SAMEA4791117	ERS2611047	ERX2719080	ERR2704693	1773	Mycobacterium tuberculosis	Illumina HiSeq 2500	PAIRED	ftp.sra.ebi.ac.uk/vol1/fastq/ERR270/003/ERR2704693/ERR2704693_1.fastq.gz;ftp.sra.ebi.ac.uk/vol1/fastq/ERR270/003/ERR2704693/ERR2704693_2.fastq.gz	ftp.sra.ebi.ac.uk/vol1/fastq/ERR270/003/ERR2704693/ERR2704693_1.fastq.gz;ftp.sra.ebi.ac.uk/vol1/fastq/ERR270/003/ERR2704693/ERR2704693_2.fastq.gz	ftp.sra.ebi.ac.uk/vol1/run/ERR270/ERR2704693/BSSE_QGF_78573_CBP4JANXX_6_G22216_GGAGCTAC_TATCCTCT_S101_L006_R1_001_MM_1.fastq.gz;ftp.sra.ebi.ac.uk/vol1/run/ERR270/ERR2704693/BSSE_QGF_78573_CBP4JANXX_6_G22216_GGAGCTAC_TATCCTCT_S101_L006_R2_001_MM_1.fastq.gz	ftp.sra.ebi.ac.uk/vol1/run/ERR270/ERR2704693/BSSE_QGF_78573_CBP4JANXX_6_G22216_GGAGCTAC_TATCCTCT_S101_L006_R1_001_MM_1.fastq.gz;ftp.sra.ebi.ac.uk/vol1/run/ERR270/ERR2704693/BSSE_QGF_78573_CBP4JANXX_6_G22216_GGAGCTAC_TATCCTCT_S101_L006_R2_001_MM_1.fastq.gz	ftp.sra.ebi.ac.uk/vol1/err/ERR270/003/ERR2704693	ftp.sra.ebi.ac.uk/vol1/err/ERR270/003/ERR2704693		
PRJEB27802	SAMEA4791118	ERS2611048	ERX2719081	ERR2704694	1773	Mycobacterium tuberculosis	Illumina HiSeq 2500	PAIRED	ftp.sra.ebi.ac.uk/vol1/fastq/ERR270/004/ERR2704694/ERR2704694_1.fastq.gz;ftp.sra.ebi.ac.uk/vol1/fastq/ERR270/004/ERR2704694/ERR2704694_2.fastq.gz	ftp.sra.ebi.ac.uk/vol1/fastq/ERR270/004/ERR2704694/ERR2704694_1.fastq.gz;ftp.sra.ebi.ac.uk/vol1/fastq/ERR270/004/ERR2704694/ERR2704694_2.fastq.gz	ftp.sra.ebi.ac.uk/vol1/run/ERR270/ERR2704694/BSSE_QGF_65549_CB9C8ANXX_2_G21315_CGGAGCCT_TCGACTAG_S212_L002_R1_001_MM_1.fastq.gz;ftp.sra.ebi.ac.uk/vol1/run/ERR270/ERR2704694/BSSE_QGF_65549_CB9C8ANXX_2_G21315_CGGAGCCT_TCGACTAG_S212_L002_R2_001_MM_1.fastq.gz	ftp.sra.ebi.ac.uk/vol1/run/ERR270/ERR2704694/BSSE_QGF_65549_CB9C8ANXX_2_G21315_CGGAGCCT_TCGACTAG_S212_L002_R1_001_MM_1.fastq.gz;ftp.sra.ebi.ac.uk/vol1/run/ERR270/ERR2704694/BSSE_QGF_65549_CB9C8ANXX_2_G21315_CGGAGCCT_TCGACTAG_S212_L002_R2_001_MM_1.fastq.gz	ftp.sra.ebi.ac.uk/vol1/err/ERR270/004/ERR2704694	ftp.sra.ebi.ac.uk/vol1/err/ERR270/004/ERR2704694		
PRJEB27802	SAMEA4791119	ERS2611049	ERX2719082	ERR2704695	1773	Mycobacterium tuberculosis	Illumina HiSeq 2500	PAIRED	ftp.sra.ebi.ac.uk/vol1/fastq/ERR270/005/ERR2704695/ERR2704695_1.fastq.gz;ftp.sra.ebi.ac.uk/vol1/fastq/ERR270/005/ERR2704695/ERR2704695_2.fastq.gz	ftp.sra.ebi.ac.uk/vol1/fastq/ERR270/005/ERR2704695/ERR2704695_1.fastq.gz;ftp.sra.ebi.ac.uk/vol1/fastq/ERR270/005/ERR2704695/ERR2704695_2.fastq.gz	ftp.sra.ebi.ac.uk/vol1/run/ERR270/ERR2704695/BSSE_QGF_86813_CBYPNANXX_8_G21465_TCCTGAGC_TTCTAGCT_S36_L008_R1_001_MM_1.fastq.gz;ftp.sra.ebi.ac.uk/vol1/run/ERR270/ERR2704695/BSSE_QGF_86813_CBYPNANXX_8_G21465_TCCTGAGC_TTCTAGCT_S36_L008_R2_001_MM_1.fastq.gz	ftp.sra.ebi.ac.uk/vol1/run/ERR270/ERR2704695/BSSE_QGF_86813_CBYPNANXX_8_G21465_TCCTGAGC_TTCTAGCT_S36_L008_R1_001_MM_1.fastq.gz;ftp.sra.ebi.ac.uk/vol1/run/ERR270/ERR2704695/BSSE_QGF_86813_CBYPNANXX_8_G21465_TCCTGAGC_TTCTAGCT_S36_L008_R2_001_MM_1.fastq.gz	ftp.sra.ebi.ac.uk/vol1/err/ERR270/005/ERR2704695	ftp.sra.ebi.ac.uk/vol1/err/ERR270/005/ERR2704695		
PRJEB27802	SAMEA4791099	ERS2611029	ERX2719083	ERR2704696	1773	Mycobacterium tuberculosis	Illumina HiSeq 2500	PAIRED	ftp.sra.ebi.ac.uk/vol1/fastq/ERR270/006/ERR2704696/ERR2704696_1.fastq.gz;ftp.sra.ebi.ac.uk/vol1/fastq/ERR270/006/ERR2704696/ERR2704696_2.fastq.gz	ftp.sra.ebi.ac.uk/vol1/fastq/ERR270/006/ERR2704696/ERR2704696_1.fastq.gz;ftp.sra.ebi.ac.uk/vol1/fastq/ERR270/006/ERR2704696/ERR2704696_2.fastq.gz	ftp.sra.ebi.ac.uk/vol1/run/ERR270/ERR2704696/BSSE_QGF_65554_CB9C8ANXX_2_G21320_CGGAGCCT_AAGGCTAT_S215_L002_R1_001_MM_1.fastq.gz;ftp.sra.ebi.ac.uk/vol1/run/ERR270/ERR2704696/BSSE_QGF_65554_CB9C8ANXX_2_G21320_CGGAGCCT_AAGGCTAT_S215_L002_R2_001_MM_1.fastq.gz	ftp.sra.ebi.ac.uk/vol1/run/ERR270/ERR2704696/BSSE_QGF_65554_CB9C8ANXX_2_G21320_CGGAGCCT_AAGGCTAT_S215_L002_R1_001_MM_1.fastq.gz;ftp.sra.ebi.ac.uk/vol1/run/ERR270/ERR2704696/BSSE_QGF_65554_CB9C8ANXX_2_G21320_CGGAGCCT_AAGGCTAT_S215_L002_R2_001_MM_1.fastq.gz	ftp.sra.ebi.ac.uk/vol1/err/ERR270/006/ERR2704696	ftp.sra.ebi.ac.uk/vol1/err/ERR270/006/ERR2704696		
PRJEB27802	SAMEA4791099	ERS2611029	ERX2719084	ERR2704697	1773	Mycobacterium tuberculosis	Illumina HiSeq 2500	PAIRED	ftp.sra.ebi.ac.uk/vol1/fastq/ERR270/007/ERR2704697/ERR2704697_1.fastq.gz;ftp.sra.ebi.ac.uk/vol1/fastq/ERR270/007/ERR2704697/ERR2704697_2.fastq.gz	ftp.sra.ebi.ac.uk/vol1/fastq/ERR270/007/ERR2704697/ERR2704697_1.fastq.gz;ftp.sra.ebi.ac.uk/vol1/fastq/ERR270/007/ERR2704697/ERR2704697_2.fastq.gz	ftp.sra.ebi.ac.uk/vol1/run/ERR270/ERR2704697/BSSE_QGF_65554_CBYPNANXX_8_G21320_CGGAGCCT_AAGGCTAT_S3_L008_R1_001_MM_1.fastq.gz;ftp.sra.ebi.ac.uk/vol1/run/ERR270/ERR2704697/BSSE_QGF_65554_CBYPNANXX_8_G21320_CGGAGCCT_AAGGCTAT_S3_L008_R2_001_MM_1.fastq.gz	ftp.sra.ebi.ac.uk/vol1/run/ERR270/ERR2704697/BSSE_QGF_65554_CBYPNANXX_8_G21320_CGGAGCCT_AAGGCTAT_S3_L008_R1_001_MM_1.fastq.gz;ftp.sra.ebi.ac.uk/vol1/run/ERR270/ERR2704697/BSSE_QGF_65554_CBYPNANXX_8_G21320_CGGAGCCT_AAGGCTAT_S3_L008_R2_001_MM_1.fastq.gz	ftp.sra.ebi.ac.uk/vol1/err/ERR270/007/ERR2704697	ftp.sra.ebi.ac.uk/vol1/err/ERR270/007/ERR2704697		
PRJEB27802	SAMEA4791101	ERS2611031	ERX2719085	ERR2704698	1773	Mycobacterium tuberculosis	Illumina HiSeq 2500	PAIRED	ftp.sra.ebi.ac.uk/vol1/fastq/ERR270/008/ERR2704698/ERR2704698_1.fastq.gz;ftp.sra.ebi.ac.uk/vol1/fastq/ERR270/008/ERR2704698/ERR2704698_2.fastq.gz	ftp.sra.ebi.ac.uk/vol1/fastq/ERR270/008/ERR2704698/ERR2704698_1.fastq.gz;ftp.sra.ebi.ac.uk/vol1/fastq/ERR270/008/ERR2704698/ERR2704698_2.fastq.gz	ftp.sra.ebi.ac.uk/vol1/run/ERR270/ERR2704698/BSSE_QGF_65544_CB6RLANXX_6_G21310_GCGTAGTA_GCGTAAGA_S210_L006_R1_001.fastq.gz;ftp.sra.ebi.ac.uk/vol1/run/ERR270/ERR2704698/BSSE_QGF_65544_CB6RLANXX_6_G21310_GCGTAGTA_GCGTAAGA_S210_L006_R2_001.fastq.gz	ftp.sra.ebi.ac.uk/vol1/run/ERR270/ERR2704698/BSSE_QGF_65544_CB6RLANXX_6_G21310_GCGTAGTA_GCGTAAGA_S210_L006_R1_001.fastq.gz;ftp.sra.ebi.ac.uk/vol1/run/ERR270/ERR2704698/BSSE_QGF_65544_CB6RLANXX_6_G21310_GCGTAGTA_GCGTAAGA_S210_L006_R2_001.fastq.gz	ftp.sra.ebi.ac.uk/vol1/err/ERR270/008/ERR2704698	ftp.sra.ebi.ac.uk/vol1/err/ERR270/008/ERR2704698		
PRJEB27802	SAMEA4791101	ERS2611031	ERX2719086	ERR2704699	1773	Mycobacterium tuberculosis	Illumina HiSeq 2500	PAIRED	ftp.sra.ebi.ac.uk/vol1/fastq/ERR270/009/ERR2704699/ERR2704699_1.fastq.gz;ftp.sra.ebi.ac.uk/vol1/fastq/ERR270/009/ERR2704699/ERR2704699_2.fastq.gz	ftp.sra.ebi.ac.uk/vol1/fastq/ERR270/009/ERR2704699/ERR2704699_1.fastq.gz;ftp.sra.ebi.ac.uk/vol1/fastq/ERR270/009/ERR2704699/ERR2704699_2.fastq.gz	ftp.sra.ebi.ac.uk/vol1/run/ERR270/ERR2704699/BSSE_QGF_65544_CBYPNANXX_8_G21310_GCGTAGTA_GCGTAAGA_S2_L008_R1_001_MM_1.fastq.gz;ftp.sra.ebi.ac.uk/vol1/run/ERR270/ERR2704699/BSSE_QGF_65544_CBYPNANXX_8_G21310_GCGTAGTA_GCGTAAGA_S2_L008_R2_001_MM_1.fastq.gz	ftp.sra.ebi.ac.uk/vol1/run/ERR270/ERR2704699/BSSE_QGF_65544_CBYPNANXX_8_G21310_GCGTAGTA_GCGTAAGA_S2_L008_R1_001_MM_1.fastq.gz;ftp.sra.ebi.ac.uk/vol1/run/ERR270/ERR2704699/BSSE_QGF_65544_CBYPNANXX_8_G21310_GCGTAGTA_GCGTAAGA_S2_L008_R2_001_MM_1.fastq.gz	ftp.sra.ebi.ac.uk/vol1/err/ERR270/009/ERR2704699	ftp.sra.ebi.ac.uk/vol1/err/ERR270/009/ERR2704699		
PRJEB27802	SAMEA4791106	ERS2611036	ERX2719087	ERR2704700	1773	Mycobacterium tuberculosis	Illumina HiSeq 2500	PAIRED	ftp.sra.ebi.ac.uk/vol1/fastq/ERR270/000/ERR2704700/ERR2704700_1.fastq.gz;ftp.sra.ebi.ac.uk/vol1/fastq/ERR270/000/ERR2704700/ERR2704700_2.fastq.gz	ftp.sra.ebi.ac.uk/vol1/fastq/ERR270/000/ERR2704700/ERR2704700_1.fastq.gz;ftp.sra.ebi.ac.uk/vol1/fastq/ERR270/000/ERR2704700/ERR2704700_2.fastq.gz	ftp.sra.ebi.ac.uk/vol1/run/ERR270/ERR2704700/BSSE_QGF_65551_CB6RLANXX_6_G21317_CGGAGCCT_CCTAGAGT_S213_L006_R1_001.fastq.gz;ftp.sra.ebi.ac.uk/vol1/run/ERR270/ERR2704700/BSSE_QGF_65551_CB6RLANXX_6_G21317_CGGAGCCT_CCTAGAGT_S213_L006_R2_001.fastq.gz	ftp.sra.ebi.ac.uk/vol1/run/ERR270/ERR2704700/BSSE_QGF_65551_CB6RLANXX_6_G21317_CGGAGCCT_CCTAGAGT_S213_L006_R1_001.fastq.gz;ftp.sra.ebi.ac.uk/vol1/run/ERR270/ERR2704700/BSSE_QGF_65551_CB6RLANXX_6_G21317_CGGAGCCT_CCTAGAGT_S213_L006_R2_001.fastq.gz	ftp.sra.ebi.ac.uk/vol1/err/ERR270/000/ERR2704700	ftp.sra.ebi.ac.uk/vol1/err/ERR270/000/ERR2704700		
PRJEB27802	SAMEA4791107	ERS2611037	ERX2719088	ERR2704701	1773	Mycobacterium tuberculosis	Illumina HiSeq 2500	PAIRED	ftp.sra.ebi.ac.uk/vol1/fastq/ERR270/001/ERR2704701/ERR2704701_1.fastq.gz;ftp.sra.ebi.ac.uk/vol1/fastq/ERR270/001/ERR2704701/ERR2704701_2.fastq.gz	ftp.sra.ebi.ac.uk/vol1/fastq/ERR270/001/ERR2704701/ERR2704701_1.fastq.gz;ftp.sra.ebi.ac.uk/vol1/fastq/ERR270/001/ERR2704701/ERR2704701_2.fastq.gz	ftp.sra.ebi.ac.uk/vol1/run/ERR270/ERR2704701/BSSE_QGF_65557_CB6RLANXX_6_G21323_TACGCTGC_TCGACTAG_S217_L006_R1_001.fastq.gz;ftp.sra.ebi.ac.uk/vol1/run/ERR270/ERR2704701/BSSE_QGF_65557_CB6RLANXX_6_G21323_TACGCTGC_TCGACTAG_S217_L006_R2_001.fastq.gz	ftp.sra.ebi.ac.uk/vol1/run/ERR270/ERR2704701/BSSE_QGF_65557_CB6RLANXX_6_G21323_TACGCTGC_TCGACTAG_S217_L006_R1_001.fastq.gz;ftp.sra.ebi.ac.uk/vol1/run/ERR270/ERR2704701/BSSE_QGF_65557_CB6RLANXX_6_G21323_TACGCTGC_TCGACTAG_S217_L006_R2_001.fastq.gz	ftp.sra.ebi.ac.uk/vol1/err/ERR270/001/ERR2704701	ftp.sra.ebi.ac.uk/vol1/err/ERR270/001/ERR2704701		
PRJEB27802	SAMEA4791107	ERS2611037	ERX2719089	ERR2704702	1773	Mycobacterium tuberculosis	Illumina HiSeq 2500	PAIRED	ftp.sra.ebi.ac.uk/vol1/fastq/ERR270/002/ERR2704702/ERR2704702_1.fastq.gz;ftp.sra.ebi.ac.uk/vol1/fastq/ERR270/002/ERR2704702/ERR2704702_2.fastq.gz	ftp.sra.ebi.ac.uk/vol1/fastq/ERR270/002/ERR2704702/ERR2704702_1.fastq.gz;ftp.sra.ebi.ac.uk/vol1/fastq/ERR270/002/ERR2704702/ERR2704702_2.fastq.gz	ftp.sra.ebi.ac.uk/vol1/run/ERR270/ERR2704702/BSSE_QGF_65557_CBYPNANXX_8_G21323_TACGCTGC_TCGACTAG_S4_L008_R1_001_MM_1.fastq.gz;ftp.sra.ebi.ac.uk/vol1/run/ERR270/ERR2704702/BSSE_QGF_65557_CBYPNANXX_8_G21323_TACGCTGC_TCGACTAG_S4_L008_R2_001_MM_1.fastq.gz	ftp.sra.ebi.ac.uk/vol1/run/ERR270/ERR2704702/BSSE_QGF_65557_CBYPNANXX_8_G21323_TACGCTGC_TCGACTAG_S4_L008_R1_001_MM_1.fastq.gz;ftp.sra.ebi.ac.uk/vol1/run/ERR270/ERR2704702/BSSE_QGF_65557_CBYPNANXX_8_G21323_TACGCTGC_TCGACTAG_S4_L008_R2_001_MM_1.fastq.gz	ftp.sra.ebi.ac.uk/vol1/err/ERR270/002/ERR2704702	ftp.sra.ebi.ac.uk/vol1/err/ERR270/002/ERR2704702		
PRJEB27802	SAMEA4791108	ERS2611038	ERX2719090	ERR2704703	1773	Mycobacterium tuberculosis	Illumina HiSeq 2500	PAIRED	ftp.sra.ebi.ac.uk/vol1/fastq/ERR270/003/ERR2704703/ERR2704703_1.fastq.gz;ftp.sra.ebi.ac.uk/vol1/fastq/ERR270/003/ERR2704703/ERR2704703_2.fastq.gz	ftp.sra.ebi.ac.uk/vol1/fastq/ERR270/003/ERR2704703/ERR2704703_1.fastq.gz;ftp.sra.ebi.ac.uk/vol1/fastq/ERR270/003/ERR2704703/ERR2704703_2.fastq.gz	ftp.sra.ebi.ac.uk/vol1/run/ERR270/ERR2704703/BSSE_QGF_65545_CB9C8ANXX_2_G21311_GCGTAGTA_CTATTAAG_S211_L002_R1_001_MM_1.fastq.gz;ftp.sra.ebi.ac.uk/vol1/run/ERR270/ERR2704703/BSSE_QGF_65545_CB9C8ANXX_2_G21311_GCGTAGTA_CTATTAAG_S211_L002_R2_001_MM_1.fastq.gz	ftp.sra.ebi.ac.uk/vol1/run/ERR270/ERR2704703/BSSE_QGF_65545_CB9C8ANXX_2_G21311_GCGTAGTA_CTATTAAG_S211_L002_R1_001_MM_1.fastq.gz;ftp.sra.ebi.ac.uk/vol1/run/ERR270/ERR2704703/BSSE_QGF_65545_CB9C8ANXX_2_G21311_GCGTAGTA_CTATTAAG_S211_L002_R2_001_MM_1.fastq.gz	ftp.sra.ebi.ac.uk/vol1/err/ERR270/003/ERR2704703	ftp.sra.ebi.ac.uk/vol1/err/ERR270/003/ERR2704703		
PRJEB27802	SAMEA4791109	ERS2611039	ERX2719091	ERR2704704	1773	Mycobacterium tuberculosis	Illumina HiSeq 2500	PAIRED	ftp.sra.ebi.ac.uk/vol1/fastq/ERR270/004/ERR2704704/ERR2704704_1.fastq.gz;ftp.sra.ebi.ac.uk/vol1/fastq/ERR270/004/ERR2704704/ERR2704704_2.fastq.gz	ftp.sra.ebi.ac.uk/vol1/fastq/ERR270/004/ERR2704704/ERR2704704_1.fastq.gz;ftp.sra.ebi.ac.uk/vol1/fastq/ERR270/004/ERR2704704/ERR2704704_2.fastq.gz	ftp.sra.ebi.ac.uk/vol1/run/ERR270/ERR2704704/BSSE_QGF_65556_CB6RLANXX_6_G21322_CGGAGCCT_TTATGCGA_S216_L006_R1_001.fastq.gz;ftp.sra.ebi.ac.uk/vol1/run/ERR270/ERR2704704/BSSE_QGF_65556_CB6RLANXX_6_G21322_CGGAGCCT_TTATGCGA_S216_L006_R2_001.fastq.gz	ftp.sra.ebi.ac.uk/vol1/run/ERR270/ERR2704704/BSSE_QGF_65556_CB6RLANXX_6_G21322_CGGAGCCT_TTATGCGA_S216_L006_R1_001.fastq.gz;ftp.sra.ebi.ac.uk/vol1/run/ERR270/ERR2704704/BSSE_QGF_65556_CB6RLANXX_6_G21322_CGGAGCCT_TTATGCGA_S216_L006_R2_001.fastq.gz	ftp.sra.ebi.ac.uk/vol1/err/ERR270/004/ERR2704704	ftp.sra.ebi.ac.uk/vol1/err/ERR270/004/ERR2704704		
PRJEB27802	SAMEA4791113	ERS2611043	ERX2719092	ERR2704705	1773	Mycobacterium tuberculosis	Illumina HiSeq 2500	PAIRED	ftp.sra.ebi.ac.uk/vol1/fastq/ERR270/005/ERR2704705/ERR2704705_1.fastq.gz;ftp.sra.ebi.ac.uk/vol1/fastq/ERR270/005/ERR2704705/ERR2704705_2.fastq.gz	ftp.sra.ebi.ac.uk/vol1/fastq/ERR270/005/ERR2704705/ERR2704705_1.fastq.gz;ftp.sra.ebi.ac.uk/vol1/fastq/ERR270/005/ERR2704705/ERR2704705_2.fastq.gz	ftp.sra.ebi.ac.uk/vol1/run/ERR270/ERR2704705/BSSE_QGF_65558_CB9C8ANXX_2_G21324_TACGCTGC_TTCTAGCT_S218_L002_R1_001_MM_1.fastq.gz;ftp.sra.ebi.ac.uk/vol1/run/ERR270/ERR2704705/BSSE_QGF_65558_CB9C8ANXX_2_G21324_TACGCTGC_TTCTAGCT_S218_L002_R2_001_MM_1.fastq.gz	ftp.sra.ebi.ac.uk/vol1/run/ERR270/ERR2704705/BSSE_QGF_65558_CB9C8ANXX_2_G21324_TACGCTGC_TTCTAGCT_S218_L002_R1_001_MM_1.fastq.gz;ftp.sra.ebi.ac.uk/vol1/run/ERR270/ERR2704705/BSSE_QGF_65558_CB9C8ANXX_2_G21324_TACGCTGC_TTCTAGCT_S218_L002_R2_001_MM_1.fastq.gz	ftp.sra.ebi.ac.uk/vol1/err/ERR270/005/ERR2704705	ftp.sra.ebi.ac.uk/vol1/err/ERR270/005/ERR2704705		
PRJEB27802	SAMEA4791114	ERS2611044	ERX2719093	ERR2704706	1773	Mycobacterium tuberculosis	Illumina HiSeq 2500	PAIRED	ftp.sra.ebi.ac.uk/vol1/fastq/ERR270/006/ERR2704706/ERR2704706_1.fastq.gz;ftp.sra.ebi.ac.uk/vol1/fastq/ERR270/006/ERR2704706/ERR2704706_2.fastq.gz	ftp.sra.ebi.ac.uk/vol1/fastq/ERR270/006/ERR2704706/ERR2704706_1.fastq.gz;ftp.sra.ebi.ac.uk/vol1/fastq/ERR270/006/ERR2704706/ERR2704706_2.fastq.gz	ftp.sra.ebi.ac.uk/vol1/run/ERR270/ERR2704706/BSSE_QGF_65553_CB9C8ANXX_2_G21319_CGGAGCCT_CTATTAAG_S214_L002_R1_001_MM_1.fastq.gz;ftp.sra.ebi.ac.uk/vol1/run/ERR270/ERR2704706/BSSE_QGF_65553_CB9C8ANXX_2_G21319_CGGAGCCT_CTATTAAG_S214_L002_R2_001_MM_1.fastq.gz	ftp.sra.ebi.ac.uk/vol1/run/ERR270/ERR2704706/BSSE_QGF_65553_CB9C8ANXX_2_G21319_CGGAGCCT_CTATTAAG_S214_L002_R1_001_MM_1.fastq.gz;ftp.sra.ebi.ac.uk/vol1/run/ERR270/ERR2704706/BSSE_QGF_65553_CB9C8ANXX_2_G21319_CGGAGCCT_CTATTAAG_S214_L002_R2_001_MM_1.fastq.gz	ftp.sra.ebi.ac.uk/vol1/err/ERR270/006/ERR2704706	ftp.sra.ebi.ac.uk/vol1/err/ERR270/006/ERR2704706		
PRJEB27802	SAMEA4791115	ERS2611045	ERX2719094	ERR2704707	1773	Mycobacterium tuberculosis	Illumina HiSeq 2500	PAIRED	ftp.sra.ebi.ac.uk/vol1/fastq/ERR270/007/ERR2704707/ERR2704707_1.fastq.gz;ftp.sra.ebi.ac.uk/vol1/fastq/ERR270/007/ERR2704707/ERR2704707_2.fastq.gz	ftp.sra.ebi.ac.uk/vol1/fastq/ERR270/007/ERR2704707/ERR2704707_1.fastq.gz;ftp.sra.ebi.ac.uk/vol1/fastq/ERR270/007/ERR2704707/ERR2704707_2.fastq.gz	ftp.sra.ebi.ac.uk/vol1/run/ERR270/ERR2704707/BSSE_QGF_65543_CB9C8ANXX_2_G21309_GCGTAGTA_CCTAGAGT_S209_L002_R1_001_MM_1.fastq.gz;ftp.sra.ebi.ac.uk/vol1/run/ERR270/ERR2704707/BSSE_QGF_65543_CB9C8ANXX_2_G21309_GCGTAGTA_CCTAGAGT_S209_L002_R2_001_MM_1.fastq.gz	ftp.sra.ebi.ac.uk/vol1/run/ERR270/ERR2704707/BSSE_QGF_65543_CB9C8ANXX_2_G21309_GCGTAGTA_CCTAGAGT_S209_L002_R1_001_MM_1.fastq.gz;ftp.sra.ebi.ac.uk/vol1/run/ERR270/ERR2704707/BSSE_QGF_65543_CB9C8ANXX_2_G21309_GCGTAGTA_CCTAGAGT_S209_L002_R2_001_MM_1.fastq.gz	ftp.sra.ebi.ac.uk/vol1/err/ERR270/007/ERR2704707	ftp.sra.ebi.ac.uk/vol1/err/ERR270/007/ERR2704707		
PRJEB27802	SAMEA4791115	ERS2611045	ERX2719095	ERR2704708	1773	Mycobacterium tuberculosis	Illumina HiSeq 2500	PAIRED	ftp.sra.ebi.ac.uk/vol1/fastq/ERR270/008/ERR2704708/ERR2704708_1.fastq.gz;ftp.sra.ebi.ac.uk/vol1/fastq/ERR270/008/ERR2704708/ERR2704708_2.fastq.gz	ftp.sra.ebi.ac.uk/vol1/fastq/ERR270/008/ERR2704708/ERR2704708_1.fastq.gz;ftp.sra.ebi.ac.uk/vol1/fastq/ERR270/008/ERR2704708/ERR2704708_2.fastq.gz	ftp.sra.ebi.ac.uk/vol1/run/ERR270/ERR2704708/BSSE_QGF_65543_CBYPNANXX_8_G21309_GCGTAGTA_CCTAGAGT_S1_L008_R1_001_MM_1.fastq.gz;ftp.sra.ebi.ac.uk/vol1/run/ERR270/ERR2704708/BSSE_QGF_65543_CBYPNANXX_8_G21309_GCGTAGTA_CCTAGAGT_S1_L008_R2_001_MM_1.fastq.gz	ftp.sra.ebi.ac.uk/vol1/run/ERR270/ERR2704708/BSSE_QGF_65543_CBYPNANXX_8_G21309_GCGTAGTA_CCTAGAGT_S1_L008_R1_001_MM_1.fastq.gz;ftp.sra.ebi.ac.uk/vol1/run/ERR270/ERR2704708/BSSE_QGF_65543_CBYPNANXX_8_G21309_GCGTAGTA_CCTAGAGT_S1_L008_R2_001_MM_1.fastq.gz	ftp.sra.ebi.ac.uk/vol1/err/ERR270/008/ERR2704708	ftp.sra.ebi.ac.uk/vol1/err/ERR270/008/ERR2704708		
PRJEB27802	SAMEA4791118	ERS2611048	ERX2719096	ERR2704709	1773	Mycobacterium tuberculosis	Illumina HiSeq 2500	PAIRED	ftp.sra.ebi.ac.uk/vol1/fastq/ERR270/009/ERR2704709/ERR2704709_1.fastq.gz;ftp.sra.ebi.ac.uk/vol1/fastq/ERR270/009/ERR2704709/ERR2704709_2.fastq.gz	ftp.sra.ebi.ac.uk/vol1/fastq/ERR270/009/ERR2704709/ERR2704709_1.fastq.gz;ftp.sra.ebi.ac.uk/vol1/fastq/ERR270/009/ERR2704709/ERR2704709_2.fastq.gz	ftp.sra.ebi.ac.uk/vol1/run/ERR270/ERR2704709/BSSE_QGF_65549_CB6RLANXX_6_G21315_CGGAGCCT_TCGACTAG_S212_L006_R1_001.fastq.gz;ftp.sra.ebi.ac.uk/vol1/run/ERR270/ERR2704709/BSSE_QGF_65549_CB6RLANXX_6_G21315_CGGAGCCT_TCGACTAG_S212_L006_R2_001.fastq.gz	ftp.sra.ebi.ac.uk/vol1/run/ERR270/ERR2704709/BSSE_QGF_65549_CB6RLANXX_6_G21315_CGGAGCCT_TCGACTAG_S212_L006_R1_001.fastq.gz;ftp.sra.ebi.ac.uk/vol1/run/ERR270/ERR2704709/BSSE_QGF_65549_CB6RLANXX_6_G21315_CGGAGCCT_TCGACTAG_S212_L006_R2_001.fastq.gz	ftp.sra.ebi.ac.uk/vol1/err/ERR270/009/ERR2704709	ftp.sra.ebi.ac.uk/vol1/err/ERR270/009/ERR2704709		
PRJEB27802	SAMEA4791119	ERS2611049	ERX2719097	ERR2704710	1773	Mycobacterium tuberculosis	Illumina HiSeq 2500	PAIRED	ftp.sra.ebi.ac.uk/vol1/fastq/ERR270/000/ERR2704710/ERR2704710_1.fastq.gz;ftp.sra.ebi.ac.uk/vol1/fastq/ERR270/000/ERR2704710/ERR2704710_2.fastq.gz	ftp.sra.ebi.ac.uk/vol1/fastq/ERR270/000/ERR2704710/ERR2704710_1.fastq.gz;ftp.sra.ebi.ac.uk/vol1/fastq/ERR270/000/ERR2704710/ERR2704710_2.fastq.gz	ftp.sra.ebi.ac.uk/vol1/run/ERR270/ERR2704710/BSSE_QGF_86813_CC6UHANXX_1_G21465_TCCTGAGC_TTCTAGCT_S1_L001_R1_001_MM_1.fastq.gz;ftp.sra.ebi.ac.uk/vol1/run/ERR270/ERR2704710/BSSE_QGF_86813_CC6UHANXX_1_G21465_TCCTGAGC_TTCTAGCT_S1_L001_R2_001_MM_1.fastq.gz	ftp.sra.ebi.ac.uk/vol1/run/ERR270/ERR2704710/BSSE_QGF_86813_CC6UHANXX_1_G21465_TCCTGAGC_TTCTAGCT_S1_L001_R1_001_MM_1.fastq.gz;ftp.sra.ebi.ac.uk/vol1/run/ERR270/ERR2704710/BSSE_QGF_86813_CC6UHANXX_1_G21465_TCCTGAGC_TTCTAGCT_S1_L001_R2_001_MM_1.fastq.gz	ftp.sra.ebi.ac.uk/vol1/err/ERR270/000/ERR2704710	ftp.sra.ebi.ac.uk/vol1/err/ERR270/000/ERR2704710		
PRJEB27802	SAMEA4791119	ERS2611049	ERX2719098	ERR2704711	1773	Mycobacterium tuberculosis	Illumina HiSeq 2500	PAIRED	ftp.sra.ebi.ac.uk/vol1/fastq/ERR270/001/ERR2704711/ERR2704711_1.fastq.gz;ftp.sra.ebi.ac.uk/vol1/fastq/ERR270/001/ERR2704711/ERR2704711_2.fastq.gz	ftp.sra.ebi.ac.uk/vol1/fastq/ERR270/001/ERR2704711/ERR2704711_1.fastq.gz;ftp.sra.ebi.ac.uk/vol1/fastq/ERR270/001/ERR2704711/ERR2704711_2.fastq.gz	ftp.sra.ebi.ac.uk/vol1/run/ERR270/ERR2704711/BSSE_QGF_86813_CC6UHANXX_2_G21465_TCCTGAGC_TTCTAGCT_S1_L002_R1_001_MM_1.fastq.gz;ftp.sra.ebi.ac.uk/vol1/run/ERR270/ERR2704711/BSSE_QGF_86813_CC6UHANXX_2_G21465_TCCTGAGC_TTCTAGCT_S1_L002_R2_001_MM_1.fastq.gz	ftp.sra.ebi.ac.uk/vol1/run/ERR270/ERR2704711/BSSE_QGF_86813_CC6UHANXX_2_G21465_TCCTGAGC_TTCTAGCT_S1_L002_R1_001_MM_1.fastq.gz;ftp.sra.ebi.ac.uk/vol1/run/ERR270/ERR2704711/BSSE_QGF_86813_CC6UHANXX_2_G21465_TCCTGAGC_TTCTAGCT_S1_L002_R2_001_MM_1.fastq.gz	ftp.sra.ebi.ac.uk/vol1/err/ERR270/001/ERR2704711	ftp.sra.ebi.ac.uk/vol1/err/ERR270/001/ERR2704711		
