study_accession	sample_accession	secondary_sample_accession	experiment_accession	run_accession	tax_id	scientific_name	instrument_model	library_layout	fastq_ftp	fastq_galaxy	submitted_ftp	submitted_galaxy	sra_ftp	sra_galaxy	cram_index_ftp	cram_index_galaxy	Run	Alias	AvgSpotLen	LibraryLayout	MBases	Alias_Trimmed
PRJEB27802	SAMEA4791109	ERS2611039	ERX2719091	ERR2704704	1773	Mycobacterium tuberculosis	Illumina HiSeq 2500	PAIRED	ftp.sra.ebi.ac.uk/vol1/fastq/ERR270/004/ERR2704704/ERR2704704_1.fastq.gz;ftp.sra.ebi.ac.uk/vol1/fastq/ERR270/004/ERR2704704/ERR2704704_2.fastq.gz	ftp.sra.ebi.ac.uk/vol1/fastq/ERR270/004/ERR2704704/ERR2704704_1.fastq.gz;ftp.sra.ebi.ac.uk/vol1/fastq/ERR270/004/ERR2704704/ERR2704704_2.fastq.gz	ftp.sra.ebi.ac.uk/vol1/run/ERR270/ERR2704704/BSSE_QGF_65556_CB6RLANXX_6_G21322_CGGAGCCT_TTATGCGA_S216_L006_R1_001.fastq.gz;ftp.sra.ebi.ac.uk/vol1/run/ERR270/ERR2704704/BSSE_QGF_65556_CB6RLANXX_6_G21322_CGGAGCCT_TTATGCGA_S216_L006_R2_001.fastq.gz	ftp.sra.ebi.ac.uk/vol1/run/ERR270/ERR2704704/BSSE_QGF_65556_CB6RLANXX_6_G21322_CGGAGCCT_TTATGCGA_S216_L006_R1_001.fastq.gz;ftp.sra.ebi.ac.uk/vol1/run/ERR270/ERR2704704/BSSE_QGF_65556_CB6RLANXX_6_G21322_CGGAGCCT_TTATGCGA_S216_L006_R2_001.fastq.gz	ftp.sra.ebi.ac.uk/vol1/err/ERR270/004/ERR2704704	ftp.sra.ebi.ac.uk/vol1/err/ERR270/004/ERR2704704			ERR2704704	N0157	202	PAIRED	265	N0157
PRJEB27802	SAMEA4791102	ERS2611032	ERX2719065	ERR2704678	1773	Mycobacterium tuberculosis	Illumina HiSeq 2500	PAIRED	ftp.sra.ebi.ac.uk/vol1/fastq/ERR270/008/ERR2704678/ERR2704678_1.fastq.gz;ftp.sra.ebi.ac.uk/vol1/fastq/ERR270/008/ERR2704678/ERR2704678_2.fastq.gz	ftp.sra.ebi.ac.uk/vol1/fastq/ERR270/008/ERR2704678/ERR2704678_1.fastq.gz;ftp.sra.ebi.ac.uk/vol1/fastq/ERR270/008/ERR2704678/ERR2704678_2.fastq.gz	ftp.sra.ebi.ac.uk/vol1/run/ERR270/ERR2704678/BSSE_QGF_78569_CBP4JANXX_6_G22212_ACTCGCTA_CTAAGCCT_S97_L006_R1_001_MM_1.fastq.gz;ftp.sra.ebi.ac.uk/vol1/run/ERR270/ERR2704678/BSSE_QGF_78569_CBP4JANXX_6_G22212_ACTCGCTA_CTAAGCCT_S97_L006_R2_001_MM_1.fastq.gz	ftp.sra.ebi.ac.uk/vol1/run/ERR270/ERR2704678/BSSE_QGF_78569_CBP4JANXX_6_G22212_ACTCGCTA_CTAAGCCT_S97_L006_R1_001_MM_1.fastq.gz;ftp.sra.ebi.ac.uk/vol1/run/ERR270/ERR2704678/BSSE_QGF_78569_CBP4JANXX_6_G22212_ACTCGCTA_CTAAGCCT_S97_L006_R2_001_MM_1.fastq.gz	ftp.sra.ebi.ac.uk/vol1/err/ERR270/008/ERR2704678	ftp.sra.ebi.ac.uk/vol1/err/ERR270/008/ERR2704678			ERR2704678	N0054	302	PAIRED	498	N0054
PRJEB27802	SAMEA4791112	ERS2611042	ERX2719075	ERR2704688	1773	Mycobacterium tuberculosis	Illumina HiSeq 2500	PAIRED	ftp.sra.ebi.ac.uk/vol1/fastq/ERR270/008/ERR2704688/ERR2704688_1.fastq.gz;ftp.sra.ebi.ac.uk/vol1/fastq/ERR270/008/ERR2704688/ERR2704688_2.fastq.gz	ftp.sra.ebi.ac.uk/vol1/fastq/ERR270/008/ERR2704688/ERR2704688_1.fastq.gz;ftp.sra.ebi.ac.uk/vol1/fastq/ERR270/008/ERR2704688/ERR2704688_2.fastq.gz	ftp.sra.ebi.ac.uk/vol1/run/ERR270/ERR2704688/BSSE_QGF_78565_CBP4JANXX_6_G22209_ACTCGCTA_TATCCTCT_S93_L006_R1_001_MM_1.fastq.gz;ftp.sra.ebi.ac.uk/vol1/run/ERR270/ERR2704688/BSSE_QGF_78565_CBP4JANXX_6_G22209_ACTCGCTA_TATCCTCT_S93_L006_R2_001_MM_1.fastq.gz	ftp.sra.ebi.ac.uk/vol1/run/ERR270/ERR2704688/BSSE_QGF_78565_CBP4JANXX_6_G22209_ACTCGCTA_TATCCTCT_S93_L006_R1_001_MM_1.fastq.gz;ftp.sra.ebi.ac.uk/vol1/run/ERR270/ERR2704688/BSSE_QGF_78565_CBP4JANXX_6_G22209_ACTCGCTA_TATCCTCT_S93_L006_R2_001_MM_1.fastq.gz	ftp.sra.ebi.ac.uk/vol1/err/ERR270/008/ERR2704688	ftp.sra.ebi.ac.uk/vol1/err/ERR270/008/ERR2704688			ERR2704688	N1202	302	PAIRED	598	N1202
PRJEB27802	SAMEA4791113	ERS2611043	ERX2719076	ERR2704689	1773	Mycobacterium tuberculosis	Illumina HiSeq 2500	PAIRED	ftp.sra.ebi.ac.uk/vol1/fastq/ERR270/009/ERR2704689/ERR2704689_1.fastq.gz;ftp.sra.ebi.ac.uk/vol1/fastq/ERR270/009/ERR2704689/ERR2704689_2.fastq.gz	ftp.sra.ebi.ac.uk/vol1/fastq/ERR270/009/ERR2704689/ERR2704689_1.fastq.gz;ftp.sra.ebi.ac.uk/vol1/fastq/ERR270/009/ERR2704689/ERR2704689_2.fastq.gz	ftp.sra.ebi.ac.uk/vol1/run/ERR270/ERR2704689/BSSE_QGF_65558_CB6RLANXX_6_G21324_TACGCTGC_TTCTAGCT_S218_L006_R1_001.fastq.gz;ftp.sra.ebi.ac.uk/vol1/run/ERR270/ERR2704689/BSSE_QGF_65558_CB6RLANXX_6_G21324_TACGCTGC_TTCTAGCT_S218_L006_R2_001.fastq.gz	ftp.sra.ebi.ac.uk/vol1/run/ERR270/ERR2704689/BSSE_QGF_65558_CB6RLANXX_6_G21324_TACGCTGC_TTCTAGCT_S218_L006_R1_001.fastq.gz;ftp.sra.ebi.ac.uk/vol1/run/ERR270/ERR2704689/BSSE_QGF_65558_CB6RLANXX_6_G21324_TACGCTGC_TTCTAGCT_S218_L006_R2_001.fastq.gz	ftp.sra.ebi.ac.uk/vol1/err/ERR270/009/ERR2704689	ftp.sra.ebi.ac.uk/vol1/err/ERR270/009/ERR2704689			ERR2704689	N1216	202	PAIRED	231	N1216
PRJEB27802	SAMEA4791106	ERS2611036	ERX2719087	ERR2704700	1773	Mycobacterium tuberculosis	Illumina HiSeq 2500	PAIRED	ftp.sra.ebi.ac.uk/vol1/fastq/ERR270/000/ERR2704700/ERR2704700_1.fastq.gz;ftp.sra.ebi.ac.uk/vol1/fastq/ERR270/000/ERR2704700/ERR2704700_2.fastq.gz	ftp.sra.ebi.ac.uk/vol1/fastq/ERR270/000/ERR2704700/ERR2704700_1.fastq.gz;ftp.sra.ebi.ac.uk/vol1/fastq/ERR270/000/ERR2704700/ERR2704700_2.fastq.gz	ftp.sra.ebi.ac.uk/vol1/run/ERR270/ERR2704700/BSSE_QGF_65551_CB6RLANXX_6_G21317_CGGAGCCT_CCTAGAGT_S213_L006_R1_001.fastq.gz;ftp.sra.ebi.ac.uk/vol1/run/ERR270/ERR2704700/BSSE_QGF_65551_CB6RLANXX_6_G21317_CGGAGCCT_CCTAGAGT_S213_L006_R2_001.fastq.gz	ftp.sra.ebi.ac.uk/vol1/run/ERR270/ERR2704700/BSSE_QGF_65551_CB6RLANXX_6_G21317_CGGAGCCT_CCTAGAGT_S213_L006_R1_001.fastq.gz;ftp.sra.ebi.ac.uk/vol1/run/ERR270/ERR2704700/BSSE_QGF_65551_CB6RLANXX_6_G21317_CGGAGCCT_CCTAGAGT_S213_L006_R2_001.fastq.gz	ftp.sra.ebi.ac.uk/vol1/err/ERR270/000/ERR2704700	ftp.sra.ebi.ac.uk/vol1/err/ERR270/000/ERR2704700			ERR2704700	N0136	202	PAIRED	187	N0136
PRJEB27802	SAMEA4791110	ERS2611040	ERX2719073	ERR2704686	1773	Mycobacterium tuberculosis	Illumina HiSeq 2500	PAIRED	ftp.sra.ebi.ac.uk/vol1/fastq/ERR270/006/ERR2704686/ERR2704686_1.fastq.gz;ftp.sra.ebi.ac.uk/vol1/fastq/ERR270/006/ERR2704686/ERR2704686_2.fastq.gz	ftp.sra.ebi.ac.uk/vol1/fastq/ERR270/006/ERR2704686/ERR2704686_1.fastq.gz;ftp.sra.ebi.ac.uk/vol1/fastq/ERR270/006/ERR2704686/ERR2704686_2.fastq.gz	ftp.sra.ebi.ac.uk/vol1/run/ERR270/ERR2704686/BSSE_QGF_78572_CBP4JANXX_6_G22206_GGAGCTAC_CTCTCTAT_S100_L006_R1_001_MM_1.fastq.gz;ftp.sra.ebi.ac.uk/vol1/run/ERR270/ERR2704686/BSSE_QGF_78572_CBP4JANXX_6_G22206_GGAGCTAC_CTCTCTAT_S100_L006_R2_001_MM_1.fastq.gz	ftp.sra.ebi.ac.uk/vol1/run/ERR270/ERR2704686/BSSE_QGF_78572_CBP4JANXX_6_G22206_GGAGCTAC_CTCTCTAT_S100_L006_R1_001_MM_1.fastq.gz;ftp.sra.ebi.ac.uk/vol1/run/ERR270/ERR2704686/BSSE_QGF_78572_CBP4JANXX_6_G22206_GGAGCTAC_CTCTCTAT_S100_L006_R2_001_MM_1.fastq.gz	ftp.sra.ebi.ac.uk/vol1/err/ERR270/006/ERR2704686	ftp.sra.ebi.ac.uk/vol1/err/ERR270/006/ERR2704686			ERR2704686	N1176	302	PAIRED	698	N1176
PRJEB27802	SAMEA4791100	ERS2611030	ERX2719063	ERR2704676	1773	Mycobacterium tuberculosis	Illumina HiSeq 2500	PAIRED	ftp.sra.ebi.ac.uk/vol1/fastq/ERR270/006/ERR2704676/ERR2704676_1.fastq.gz;ftp.sra.ebi.ac.uk/vol1/fastq/ERR270/006/ERR2704676/ERR2704676_2.fastq.gz	ftp.sra.ebi.ac.uk/vol1/fastq/ERR270/006/ERR2704676/ERR2704676_1.fastq.gz;ftp.sra.ebi.ac.uk/vol1/fastq/ERR270/006/ERR2704676/ERR2704676_2.fastq.gz	ftp.sra.ebi.ac.uk/vol1/run/ERR270/ERR2704676/BSSE_QGF_78568_CBP4JANXX_6_G22208_ACTCGCTA_AAGGAGTA_S96_L006_R1_001_MM_1.fastq.gz;ftp.sra.ebi.ac.uk/vol1/run/ERR270/ERR2704676/BSSE_QGF_78568_CBP4JANXX_6_G22208_ACTCGCTA_AAGGAGTA_S96_L006_R2_001_MM_1.fastq.gz	ftp.sra.ebi.ac.uk/vol1/run/ERR270/ERR2704676/BSSE_QGF_78568_CBP4JANXX_6_G22208_ACTCGCTA_AAGGAGTA_S96_L006_R1_001_MM_1.fastq.gz;ftp.sra.ebi.ac.uk/vol1/run/ERR270/ERR2704676/BSSE_QGF_78568_CBP4JANXX_6_G22208_ACTCGCTA_AAGGAGTA_S96_L006_R2_001_MM_1.fastq.gz	ftp.sra.ebi.ac.uk/vol1/err/ERR270/006/ERR2704676	ftp.sra.ebi.ac.uk/vol1/err/ERR270/006/ERR2704676			ERR2704676	N0031	302	PAIRED	575	N0031
PRJEB27802	SAMEA4791117	ERS2611047	ERX2719080	ERR2704693	1773	Mycobacterium tuberculosis	Illumina HiSeq 2500	PAIRED	ftp.sra.ebi.ac.uk/vol1/fastq/ERR270/003/ERR2704693/ERR2704693_1.fastq.gz;ftp.sra.ebi.ac.uk/vol1/fastq/ERR270/003/ERR2704693/ERR2704693_2.fastq.gz	ftp.sra.ebi.ac.uk/vol1/fastq/ERR270/003/ERR2704693/ERR2704693_1.fastq.gz;ftp.sra.ebi.ac.uk/vol1/fastq/ERR270/003/ERR2704693/ERR2704693_2.fastq.gz	ftp.sra.ebi.ac.uk/vol1/run/ERR270/ERR2704693/BSSE_QGF_78573_CBP4JANXX_6_G22216_GGAGCTAC_TATCCTCT_S101_L006_R1_001_MM_1.fastq.gz;ftp.sra.ebi.ac.uk/vol1/run/ERR270/ERR2704693/BSSE_QGF_78573_CBP4JANXX_6_G22216_GGAGCTAC_TATCCTCT_S101_L006_R2_001_MM_1.fastq.gz	ftp.sra.ebi.ac.uk/vol1/run/ERR270/ERR2704693/BSSE_QGF_78573_CBP4JANXX_6_G22216_GGAGCTAC_TATCCTCT_S101_L006_R1_001_MM_1.fastq.gz;ftp.sra.ebi.ac.uk/vol1/run/ERR270/ERR2704693/BSSE_QGF_78573_CBP4JANXX_6_G22216_GGAGCTAC_TATCCTCT_S101_L006_R2_001_MM_1.fastq.gz	ftp.sra.ebi.ac.uk/vol1/err/ERR270/003/ERR2704693	ftp.sra.ebi.ac.uk/vol1/err/ERR270/003/ERR2704693			ERR2704693	N1274	302	PAIRED	573	N1274
PRJEB31443	SAMEA5383013	ERS3189386	ERX3211841	ERR3183990	1773	Mycobacterium tuberculosis	Illumina HiSeq 2500	PAIRED	ftp.sra.ebi.ac.uk/vol1/fastq/ERR318/000/ERR3183990/ERR3183990_1.fastq.gz;ftp.sra.ebi.ac.uk/vol1/fastq/ERR318/000/ERR3183990/ERR3183990_2.fastq.gz	ftp.sra.ebi.ac.uk/vol1/fastq/ERR318/000/ERR3183990/ERR3183990_1.fastq.gz;ftp.sra.ebi.ac.uk/vol1/fastq/ERR318/000/ERR3183990/ERR3183990_2.fastq.gz	ftp.sra.ebi.ac.uk/vol1/run/ERR318/ERR3183990/N0153.R1.fastq.gz;ftp.sra.ebi.ac.uk/vol1/run/ERR318/ERR3183990/N0153.R2.fastq.gz	ftp.sra.ebi.ac.uk/vol1/run/ERR318/ERR3183990/N0153.R1.fastq.gz;ftp.sra.ebi.ac.uk/vol1/run/ERR318/ERR3183990/N0153.R2.fastq.gz	ftp.sra.ebi.ac.uk/vol1/err/ERR318/000/ERR3183990	ftp.sra.ebi.ac.uk/vol1/err/ERR318/000/ERR3183990			ERR3183990	N0153	302	PAIRED	586	N0153
PRJEB27802	SAMEA4791099	ERS2611029	ERX2719084	ERR2704697	1773	Mycobacterium tuberculosis	Illumina HiSeq 2500	PAIRED	ftp.sra.ebi.ac.uk/vol1/fastq/ERR270/007/ERR2704697/ERR2704697_1.fastq.gz;ftp.sra.ebi.ac.uk/vol1/fastq/ERR270/007/ERR2704697/ERR2704697_2.fastq.gz	ftp.sra.ebi.ac.uk/vol1/fastq/ERR270/007/ERR2704697/ERR2704697_1.fastq.gz;ftp.sra.ebi.ac.uk/vol1/fastq/ERR270/007/ERR2704697/ERR2704697_2.fastq.gz	ftp.sra.ebi.ac.uk/vol1/run/ERR270/ERR2704697/BSSE_QGF_65554_CBYPNANXX_8_G21320_CGGAGCCT_AAGGCTAT_S3_L008_R1_001_MM_1.fastq.gz;ftp.sra.ebi.ac.uk/vol1/run/ERR270/ERR2704697/BSSE_QGF_65554_CBYPNANXX_8_G21320_CGGAGCCT_AAGGCTAT_S3_L008_R2_001_MM_1.fastq.gz	ftp.sra.ebi.ac.uk/vol1/run/ERR270/ERR2704697/BSSE_QGF_65554_CBYPNANXX_8_G21320_CGGAGCCT_AAGGCTAT_S3_L008_R1_001_MM_1.fastq.gz;ftp.sra.ebi.ac.uk/vol1/run/ERR270/ERR2704697/BSSE_QGF_65554_CBYPNANXX_8_G21320_CGGAGCCT_AAGGCTAT_S3_L008_R2_001_MM_1.fastq.gz	ftp.sra.ebi.ac.uk/vol1/err/ERR270/007/ERR2704697	ftp.sra.ebi.ac.uk/vol1/err/ERR270/007/ERR2704697			ERR2704697	N0004	202	PAIRED	480	N0004
PRJEB27802	SAMEA4791118	ERS2611048	ERX2719096	ERR2704709	1773	Mycobacterium tuberculosis	Illumina HiSeq 2500	PAIRED	ftp.sra.ebi.ac.uk/vol1/fastq/ERR270/009/ERR2704709/ERR2704709_1.fastq.gz;ftp.sra.ebi.ac.uk/vol1/fastq/ERR270/009/ERR2704709/ERR2704709_2.fastq.gz	ftp.sra.ebi.ac.uk/vol1/fastq/ERR270/009/ERR2704709/ERR2704709_1.fastq.gz;ftp.sra.ebi.ac.uk/vol1/fastq/ERR270/009/ERR2704709/ERR2704709_2.fastq.gz	ftp.sra.ebi.ac.uk/vol1/run/ERR270/ERR2704709/BSSE_QGF_65549_CB6RLANXX_6_G21315_CGGAGCCT_TCGACTAG_S212_L006_R1_001.fastq.gz;ftp.sra.ebi.ac.uk/vol1/run/ERR270/ERR2704709/BSSE_QGF_65549_CB6RLANXX_6_G21315_CGGAGCCT_TCGACTAG_S212_L006_R2_001.fastq.gz	ftp.sra.ebi.ac.uk/vol1/run/ERR270/ERR2704709/BSSE_QGF_65549_CB6RLANXX_6_G21315_CGGAGCCT_TCGACTAG_S212_L006_R1_001.fastq.gz;ftp.sra.ebi.ac.uk/vol1/run/ERR270/ERR2704709/BSSE_QGF_65549_CB6RLANXX_6_G21315_CGGAGCCT_TCGACTAG_S212_L006_R2_001.fastq.gz	ftp.sra.ebi.ac.uk/vol1/err/ERR270/009/ERR2704709	ftp.sra.ebi.ac.uk/vol1/err/ERR270/009/ERR2704709			ERR2704709	N1283	202	PAIRED	163	N1283
PRJEB27802	SAMEA4791107	ERS2611037	ERX2719089	ERR2704702	1773	Mycobacterium tuberculosis	Illumina HiSeq 2500	PAIRED	ftp.sra.ebi.ac.uk/vol1/fastq/ERR270/002/ERR2704702/ERR2704702_1.fastq.gz;ftp.sra.ebi.ac.uk/vol1/fastq/ERR270/002/ERR2704702/ERR2704702_2.fastq.gz	ftp.sra.ebi.ac.uk/vol1/fastq/ERR270/002/ERR2704702/ERR2704702_1.fastq.gz;ftp.sra.ebi.ac.uk/vol1/fastq/ERR270/002/ERR2704702/ERR2704702_2.fastq.gz	ftp.sra.ebi.ac.uk/vol1/run/ERR270/ERR2704702/BSSE_QGF_65557_CBYPNANXX_8_G21323_TACGCTGC_TCGACTAG_S4_L008_R1_001_MM_1.fastq.gz;ftp.sra.ebi.ac.uk/vol1/run/ERR270/ERR2704702/BSSE_QGF_65557_CBYPNANXX_8_G21323_TACGCTGC_TCGACTAG_S4_L008_R2_001_MM_1.fastq.gz	ftp.sra.ebi.ac.uk/vol1/run/ERR270/ERR2704702/BSSE_QGF_65557_CBYPNANXX_8_G21323_TACGCTGC_TCGACTAG_S4_L008_R1_001_MM_1.fastq.gz;ftp.sra.ebi.ac.uk/vol1/run/ERR270/ERR2704702/BSSE_QGF_65557_CBYPNANXX_8_G21323_TACGCTGC_TCGACTAG_S4_L008_R2_001_MM_1.fastq.gz	ftp.sra.ebi.ac.uk/vol1/err/ERR270/002/ERR2704702	ftp.sra.ebi.ac.uk/vol1/err/ERR270/002/ERR2704702			ERR2704702	N0145	202	PAIRED	662	N0145
PRJEB27802	SAMEA4791108	ERS2611038	ERX2719071	ERR2704684	1773	Mycobacterium tuberculosis	Illumina HiSeq 2500	PAIRED	ftp.sra.ebi.ac.uk/vol1/fastq/ERR270/004/ERR2704684/ERR2704684_1.fastq.gz;ftp.sra.ebi.ac.uk/vol1/fastq/ERR270/004/ERR2704684/ERR2704684_2.fastq.gz	ftp.sra.ebi.ac.uk/vol1/fastq/ERR270/004/ERR2704684/ERR2704684_1.fastq.gz;ftp.sra.ebi.ac.uk/vol1/fastq/ERR270/004/ERR2704684/ERR2704684_2.fastq.gz	ftp.sra.ebi.ac.uk/vol1/run/ERR270/ERR2704684/BSSE_QGF_65545_CB6RLANXX_6_G21311_GCGTAGTA_CTATTAAG_S211_L006_R1_001.fastq.gz;ftp.sra.ebi.ac.uk/vol1/run/ERR270/ERR2704684/BSSE_QGF_65545_CB6RLANXX_6_G21311_GCGTAGTA_CTATTAAG_S211_L006_R2_001.fastq.gz	ftp.sra.ebi.ac.uk/vol1/run/ERR270/ERR2704684/BSSE_QGF_65545_CB6RLANXX_6_G21311_GCGTAGTA_CTATTAAG_S211_L006_R1_001.fastq.gz;ftp.sra.ebi.ac.uk/vol1/run/ERR270/ERR2704684/BSSE_QGF_65545_CB6RLANXX_6_G21311_GCGTAGTA_CTATTAAG_S211_L006_R2_001.fastq.gz	ftp.sra.ebi.ac.uk/vol1/err/ERR270/004/ERR2704684	ftp.sra.ebi.ac.uk/vol1/err/ERR270/004/ERR2704684			ERR2704684	N0155	202	PAIRED	397	N0155
PRJEB27802	SAMEA4791104	ERS2611034	ERX2719067	ERR2704680	1773	Mycobacterium tuberculosis	Illumina HiSeq 2500	PAIRED	ftp.sra.ebi.ac.uk/vol1/fastq/ERR270/000/ERR2704680/ERR2704680_1.fastq.gz;ftp.sra.ebi.ac.uk/vol1/fastq/ERR270/000/ERR2704680/ERR2704680_2.fastq.gz	ftp.sra.ebi.ac.uk/vol1/fastq/ERR270/000/ERR2704680/ERR2704680_1.fastq.gz;ftp.sra.ebi.ac.uk/vol1/fastq/ERR270/000/ERR2704680/ERR2704680_2.fastq.gz	ftp.sra.ebi.ac.uk/vol1/run/ERR270/ERR2704680/BSSE_QGF_78567_CBP4JANXX_6_G22207_ACTCGCTA_ACTGCATA_S95_L006_R1_001_MM_1.fastq.gz;ftp.sra.ebi.ac.uk/vol1/run/ERR270/ERR2704680/BSSE_QGF_78567_CBP4JANXX_6_G22207_ACTCGCTA_ACTGCATA_S95_L006_R2_001_MM_1.fastq.gz	ftp.sra.ebi.ac.uk/vol1/run/ERR270/ERR2704680/BSSE_QGF_78567_CBP4JANXX_6_G22207_ACTCGCTA_ACTGCATA_S95_L006_R1_001_MM_1.fastq.gz;ftp.sra.ebi.ac.uk/vol1/run/ERR270/ERR2704680/BSSE_QGF_78567_CBP4JANXX_6_G22207_ACTCGCTA_ACTGCATA_S95_L006_R2_001_MM_1.fastq.gz	ftp.sra.ebi.ac.uk/vol1/err/ERR270/000/ERR2704680	ftp.sra.ebi.ac.uk/vol1/err/ERR270/000/ERR2704680			ERR2704680	N0072	302	PAIRED	690	N0072
PRJEB31443	SAMEA5383014	ERS3189387	ERX3211842	ERR3183991	1773	Mycobacterium tuberculosis	Illumina HiSeq 2500	PAIRED	ftp.sra.ebi.ac.uk/vol1/fastq/ERR318/001/ERR3183991/ERR3183991_1.fastq.gz;ftp.sra.ebi.ac.uk/vol1/fastq/ERR318/001/ERR3183991/ERR3183991_2.fastq.gz	ftp.sra.ebi.ac.uk/vol1/fastq/ERR318/001/ERR3183991/ERR3183991_1.fastq.gz;ftp.sra.ebi.ac.uk/vol1/fastq/ERR318/001/ERR3183991/ERR3183991_2.fastq.gz	ftp.sra.ebi.ac.uk/vol1/run/ERR318/ERR3183991/N1177.R1.fastq.gz;ftp.sra.ebi.ac.uk/vol1/run/ERR318/ERR3183991/N1177.R2.fastq.gz	ftp.sra.ebi.ac.uk/vol1/run/ERR318/ERR3183991/N1177.R1.fastq.gz;ftp.sra.ebi.ac.uk/vol1/run/ERR318/ERR3183991/N1177.R2.fastq.gz	ftp.sra.ebi.ac.uk/vol1/err/ERR318/001/ERR3183991	ftp.sra.ebi.ac.uk/vol1/err/ERR318/001/ERR3183991			ERR3183991	N1177	150	PAIRED	1049	N1177
PRJEB27802	SAMEA4791116	ERS2611046	ERX2719079	ERR2704692	1773	Mycobacterium tuberculosis	Illumina HiSeq 2500	PAIRED	ftp.sra.ebi.ac.uk/vol1/fastq/ERR270/002/ERR2704692/ERR2704692_1.fastq.gz;ftp.sra.ebi.ac.uk/vol1/fastq/ERR270/002/ERR2704692/ERR2704692_2.fastq.gz	ftp.sra.ebi.ac.uk/vol1/fastq/ERR270/002/ERR2704692/ERR2704692_1.fastq.gz;ftp.sra.ebi.ac.uk/vol1/fastq/ERR270/002/ERR2704692/ERR2704692_2.fastq.gz	ftp.sra.ebi.ac.uk/vol1/run/ERR270/ERR2704692/BSSE_QGF_78571_CBP4JANXX_6_G22215_ACTCGCTA_TCTCTCCG_S99_L006_R1_001_MM_1.fastq.gz;ftp.sra.ebi.ac.uk/vol1/run/ERR270/ERR2704692/BSSE_QGF_78571_CBP4JANXX_6_G22215_ACTCGCTA_TCTCTCCG_S99_L006_R2_001_MM_1.fastq.gz	ftp.sra.ebi.ac.uk/vol1/run/ERR270/ERR2704692/BSSE_QGF_78571_CBP4JANXX_6_G22215_ACTCGCTA_TCTCTCCG_S99_L006_R1_001_MM_1.fastq.gz;ftp.sra.ebi.ac.uk/vol1/run/ERR270/ERR2704692/BSSE_QGF_78571_CBP4JANXX_6_G22215_ACTCGCTA_TCTCTCCG_S99_L006_R2_001_MM_1.fastq.gz	ftp.sra.ebi.ac.uk/vol1/err/ERR270/002/ERR2704692	ftp.sra.ebi.ac.uk/vol1/err/ERR270/002/ERR2704692			ERR2704692	N1272_Library2	302	PAIRED	454	N1272
PRJEB27802	SAMEA4791105	ERS2611035	ERX2719068	ERR2704681	1773	Mycobacterium tuberculosis	Illumina HiSeq 2500	PAIRED	ftp.sra.ebi.ac.uk/vol1/fastq/ERR270/001/ERR2704681/ERR2704681_1.fastq.gz;ftp.sra.ebi.ac.uk/vol1/fastq/ERR270/001/ERR2704681/ERR2704681_2.fastq.gz	ftp.sra.ebi.ac.uk/vol1/fastq/ERR270/001/ERR2704681/ERR2704681_1.fastq.gz;ftp.sra.ebi.ac.uk/vol1/fastq/ERR270/001/ERR2704681/ERR2704681_2.fastq.gz	ftp.sra.ebi.ac.uk/vol1/run/ERR270/ERR2704681/BSSE_QGF_78570_CBP4JANXX_6_G22210_ACTCGCTA_CGTCTAAT_S98_L006_R1_001_MM_1.fastq.gz;ftp.sra.ebi.ac.uk/vol1/run/ERR270/ERR2704681/BSSE_QGF_78570_CBP4JANXX_6_G22210_ACTCGCTA_CGTCTAAT_S98_L006_R2_001_MM_1.fastq.gz	ftp.sra.ebi.ac.uk/vol1/run/ERR270/ERR2704681/BSSE_QGF_78570_CBP4JANXX_6_G22210_ACTCGCTA_CGTCTAAT_S98_L006_R1_001_MM_1.fastq.gz;ftp.sra.ebi.ac.uk/vol1/run/ERR270/ERR2704681/BSSE_QGF_78570_CBP4JANXX_6_G22210_ACTCGCTA_CGTCTAAT_S98_L006_R2_001_MM_1.fastq.gz	ftp.sra.ebi.ac.uk/vol1/err/ERR270/001/ERR2704681	ftp.sra.ebi.ac.uk/vol1/err/ERR270/001/ERR2704681			ERR2704681	N0091	302	PAIRED	603	N0091
PRJEB27802	SAMEA4791101	ERS2611031	ERX2719086	ERR2704699	1773	Mycobacterium tuberculosis	Illumina HiSeq 2500	PAIRED	ftp.sra.ebi.ac.uk/vol1/fastq/ERR270/009/ERR2704699/ERR2704699_1.fastq.gz;ftp.sra.ebi.ac.uk/vol1/fastq/ERR270/009/ERR2704699/ERR2704699_2.fastq.gz	ftp.sra.ebi.ac.uk/vol1/fastq/ERR270/009/ERR2704699/ERR2704699_1.fastq.gz;ftp.sra.ebi.ac.uk/vol1/fastq/ERR270/009/ERR2704699/ERR2704699_2.fastq.gz	ftp.sra.ebi.ac.uk/vol1/run/ERR270/ERR2704699/BSSE_QGF_65544_CBYPNANXX_8_G21310_GCGTAGTA_GCGTAAGA_S2_L008_R1_001_MM_1.fastq.gz;ftp.sra.ebi.ac.uk/vol1/run/ERR270/ERR2704699/BSSE_QGF_65544_CBYPNANXX_8_G21310_GCGTAGTA_GCGTAAGA_S2_L008_R2_001_MM_1.fastq.gz	ftp.sra.ebi.ac.uk/vol1/run/ERR270/ERR2704699/BSSE_QGF_65544_CBYPNANXX_8_G21310_GCGTAGTA_GCGTAAGA_S2_L008_R1_001_MM_1.fastq.gz;ftp.sra.ebi.ac.uk/vol1/run/ERR270/ERR2704699/BSSE_QGF_65544_CBYPNANXX_8_G21310_GCGTAGTA_GCGTAAGA_S2_L008_R2_001_MM_1.fastq.gz	ftp.sra.ebi.ac.uk/vol1/err/ERR270/009/ERR2704699	ftp.sra.ebi.ac.uk/vol1/err/ERR270/009/ERR2704699			ERR2704699	N0052	202	PAIRED	591	N0052
